match_id,season,home_team,away_team,home_squad_value_m,away_squad_value_m,squad_value_ratio,squad_value_diff,home_goals,away_goals,result,home_possession,away_possession,home_shots,away_shots,home_sot,away_sot,home_field_adv,home_form_points,away_form_points,form_diff,home_goals_scored_avg,away_goals_scored_avg,home_goals_conceded_avg,away_goals_conceded_avg,goal_diff_form,home_shots_avg,away_shots_avg,home_sot_avg,away_sot_avg,home_possession_avg,away_possession_avg
1,2022-23,Arsenal,Aston Villa,1149.5,591.5,1.94,558.0,3,0,H,61.1,38.9,22,9,8,2,1.0,10.0,7.0,3.0,2.23,1.39,0.93,1.56,1.47,15.8,12.4,6.4,4.5,62.4,49.2
2,2022-23,Arsenal,Bournemouth,1149.5,365.5,3.15,784.0,2,0,H,66.0,34.0,20,11,5,2,1.0,3.0,4.0,-1.0,3.0,1.05,0.0,1.81,3.76,22.0,11.0,8.0,3.8,61.1,43.9
3,2022-23,Arsenal,Brentford,1149.5,390.5,2.94,759.0,2,1,H,64.7,35.3,23,5,7,4,1.0,6.0,4.0,2.0,2.5,1.09,0.0,1.78,3.19,21.0,11.2,6.5,3.8,63.5,44.5
4,2022-23,Arsenal,Brighton,1149.5,500.0,2.3,649.5,0,0,D,63.7,36.3,17,7,12,3,1.0,9.0,4.0,5.0,2.33,1.25,0.33,1.66,2.41,21.7,11.8,6.7,4.2,63.9,47.1
5,2022-23,Arsenal,Chelsea,1149.5,923.0,1.25,226.5,1,2,A,60.4,39.6,29,12,4,4,1.0,10.0,7.0,3.0,1.75,1.89,0.25,1.18,0.79,20.5,14.4,8.0,5.7,63.9,57.1
6,2022-23,Arsenal,Crystal Palace,1149.5,420.0,2.74,729.5,3,1,H,64.7,35.3,13,5,8,0,1.0,10.0,4.0,6.0,1.6,1.13,0.6,1.75,1.62,22.2,11.3,7.2,3.9,63.2,45.2
7,2022-23,Arsenal,Everton,1149.5,349.6,3.29,799.9,4,1,H,60.2,39.8,18,8,3,3,1.0,10.0,4.0,6.0,1.6,1.03,0.8,1.83,1.6,20.4,10.9,7.2,3.7,63.9,43.5
8,2022-23,Arsenal,Fulham,1149.5,335.2,3.43,814.3,6,0,H,66.0,34.0,17,10,7,5,1.0,10.0,4.0,6.0,2.0,1.0,1.0,1.85,1.85,20.0,10.8,6.8,3.7,62.7,43.2
9,2022-23,Arsenal,Ipswich Town,1149.5,206.0,5.58,943.5,4,0,H,66.5,33.5,21,10,9,1,1.0,10.0,4.0,6.0,2.8,0.81,0.8,1.99,3.18,18.8,10.0,6.8,3.2,63.0,40.1
10,2022-23,Arsenal,Leicester City,1149.5,264.5,4.35,885.0,0,0,D,61.0,39.0,26,5,10,0,1.0,12.0,4.0,8.0,3.6,0.9,0.8,1.93,3.83,19.6,10.4,6.2,3.4,63.6,41.5
11,2022-23,Arsenal,Liverpool,1149.5,923.0,1.25,226.5,1,0,H,56.5,43.5,21,15,5,1,1.0,13.0,7.0,6.0,3.4,1.89,0.4,1.18,2.29,19.0,14.4,7.4,5.7,63.7,57.1
12,2022-23,Arsenal,Manchester City,1149.5,1253.0,0.92,-103.5,0,2,A,55.7,44.3,16,17,6,2,1.0,13.0,10.0,3.0,3.0,2.39,0.2,0.81,1.22,20.6,16.5,6.8,6.8,62.0,64.8
13,2022-23,Arsenal,Manchester United,1149.5,822.0,1.4,327.5,3,2,H,57.8,42.2,11,15,9,9,1.0,10.0,7.0,3.0,2.2,1.74,0.4,1.3,1.36,20.2,13.8,7.4,5.3,61.1,54.7
14,2022-23,Arsenal,Newcastle,1149.5,626.0,1.84,523.5,2,1,H,62.0,38.0,26,8,8,4,1.0,10.0,7.0,3.0,1.6,1.44,0.8,1.52,0.88,19.0,12.6,7.8,4.6,59.5,50.0
15,2022-23,Arsenal,Nottingham Forest,1149.5,370.5,3.1,779.0,2,0,H,62.4,37.6,19,10,3,0,1.0,10.0,4.0,6.0,1.2,1.06,1.0,1.81,0.95,20.0,11.0,7.6,3.8,58.6,44.0
16,2022-23,Arsenal,Southampton,1149.5,247.0,4.65,902.5,6,1,H,63.2,36.8,35,9,10,1,1.0,12.0,4.0,8.0,1.6,0.87,1.0,1.95,1.68,18.6,10.3,6.2,3.4,58.9,41.1
17,2022-23,Arsenal,Tottenham,1149.5,747.2,1.54,402.3,5,1,H,54.9,45.1,9,9,9,9,1.0,12.0,7.0,5.0,2.6,1.63,1.2,1.38,1.15,21.4,13.4,7.2,5.1,60.2,52.9
18,2022-23,Arsenal,West Ham,1149.5,476.8,2.41,672.7,4,0,H,63.3,36.7,20,7,5,2,1.0,15.0,4.0,11.0,3.6,1.22,1.0,1.69,3.07,20.0,11.7,7.8,4.1,60.1,46.5
19,2022-23,Arsenal,Wolves,1149.5,346.0,3.32,803.5,4,1,H,59.6,40.4,20,4,8,0,1.0,15.0,4.0,11.0,3.8,1.02,0.6,1.83,4.01,21.8,10.9,7.0,3.7,61.2,43.4
20,2022-23,Aston Villa,Arsenal,591.5,1149.5,0.51,-558.0,0,0,D,43.2,56.8,11,15,3,5,1.0,0.0,15.0,-15.0,0.0,4.2,3.0,0.6,-6.6,9.0,20.6,2.0,7.0,38.9,60.7
21,2022-23,Aston Villa,Bournemouth,591.5,365.5,1.62,226.0,1,1,D,54.1,45.9,18,9,2,2,1.0,1.0,0.0,1.0,0.0,0.0,1.5,2.0,0.5,10.0,11.0,2.5,2.0,41.0,34.0
22,2022-23,Aston Villa,Brentford,591.5,390.5,1.51,201.0,3,1,H,57.6,42.4,18,9,3,1,1.0,2.0,0.0,2.0,0.33,1.0,1.33,2.0,0.0,12.7,5.0,2.3,4.0,45.4,35.3
23,2022-23,Aston Villa,Brighton,591.5,500.0,1.18,91.5,1,3,A,51.9,48.1,15,8,4,2,1.0,5.0,1.0,4.0,1.0,0.0,1.25,0.0,-0.25,14.0,7.0,2.5,3.0,48.4,36.3
24,2022-23,Aston Villa,Chelsea,591.5,923.0,0.64,-331.5,1,0,H,48.4,51.6,11,13,6,7,1.0,5.0,3.0,2.0,1.0,2.0,1.6,1.0,-1.6,14.2,12.0,2.8,4.0,49.1,39.6
25,2022-23,Aston Villa,Crystal Palace,591.5,420.0,1.41,171.5,2,0,H,54.1,45.9,15,14,4,5,1.0,8.0,0.0,8.0,1.2,1.0,1.0,3.0,2.2,14.6,5.0,3.6,0.0,51.0,35.3
26,2022-23,Aston Villa,Everton,591.5,349.6,1.69,241.9,1,1,D,53.9,46.1,20,7,7,5,1.0,10.0,0.0,10.0,1.6,1.0,1.0,4.0,3.6,15.4,8.0,3.8,3.0,53.2,39.8
27,2022-23,Aston Villa,Fulham,591.5,335.2,1.76,256.3,1,5,A,56.7,43.3,16,13,2,3,1.0,10.0,0.0,10.0,1.6,0.0,1.0,6.0,6.6,15.8,10.0,4.8,5.0,53.2,34.0
28,2022-23,Aston Villa,Ipswich Town,591.5,206.0,2.87,385.5,2,0,H,54.7,45.3,10,6,5,3,1.0,7.0,0.0,7.0,1.2,0.0,1.8,4.0,3.4,15.4,10.0,4.6,1.0,53.0,33.5
29,2022-23,Aston Villa,Leicester City,591.5,264.5,2.24,327.0,2,0,H,63.5,36.5,8,9,3,2,1.0,10.0,1.0,9.0,1.4,0.0,1.2,0.0,0.2,14.4,5.0,4.8,0.0,53.6,39.0
30,2022-23,Aston Villa,Liverpool,591.5,923.0,0.64,-331.5,0,0,D,44.9,55.1,16,16,5,4,1.0,10.0,0.0,10.0,1.6,0.0,1.2,1.0,1.4,13.8,15.0,4.2,1.0,56.6,43.5
31,2022-23,Aston Villa,Manchester City,591.5,1253.0,0.47,-661.5,2,3,A,39.9,60.1,12,22,5,8,1.0,8.0,3.0,5.0,1.2,2.0,1.2,0.0,-2.0,14.0,17.0,4.4,2.0,54.7,44.3
32,2022-23,Aston Villa,Manchester United,591.5,822.0,0.72,-230.5,3,0,H,50.6,49.4,18,15,5,4,1.0,7.0,0.0,7.0,1.4,2.0,1.6,3.0,0.8,12.4,15.0,4.0,9.0,51.9,42.2
33,2022-23,Aston Villa,Newcastle,591.5,626.0,0.94,-34.5,1,0,H,49.6,50.4,16,13,5,7,1.0,10.0,0.0,10.0,1.8,1.0,0.6,2.0,2.2,12.8,8.0,4.6,4.0,50.7,38.0
34,2022-23,Aston Villa,Nottingham Forest,591.5,370.5,1.6,221.0,1,1,D,51.7,48.3,23,13,5,8,1.0,10.0,0.0,10.0,1.6,0.0,0.6,2.0,3.0,14.0,10.0,4.6,0.0,49.7,37.6
35,2022-23,Aston Villa,Southampton,591.5,247.0,2.39,344.5,0,0,D,54.8,45.2,18,8,7,3,1.0,8.0,0.0,8.0,1.4,1.0,0.8,6.0,5.6,17.0,9.0,5.0,1.0,47.3,36.8
36,2022-23,Aston Villa,Tottenham,591.5,747.2,0.79,-155.7,2,0,H,53.9,46.1,12,11,1,7,1.0,8.0,0.0,8.0,1.4,1.0,0.8,5.0,4.6,17.4,9.0,5.4,9.0,49.3,45.1
37,2022-23,Aston Villa,West Ham,591.5,476.8,1.24,114.7,3,1,H,54.5,45.5,16,7,4,7,1.0,11.0,0.0,11.0,1.4,0.0,0.2,4.0,5.2,17.4,7.0,4.6,2.0,52.1,36.7
38,2022-23,Aston Villa,Wolves,591.5,346.0,1.71,245.5,1,1,D,55.0,45.0,16,11,4,1,1.0,11.0,0.0,11.0,1.4,1.0,0.4,4.0,4.0,17.0,4.0,4.4,0.0,52.9,40.4
39,2022-23,Bournemouth,Arsenal,365.5,1149.5,0.32,-784.0,0,5,A,42.0,58.0,14,16,4,10,1.0,1.0,13.0,-12.0,0.5,3.8,1.5,0.6,-4.2,10.0,19.8,2.0,7.4,40.0,59.6
40,2022-23,Bournemouth,Aston Villa,365.5,591.5,0.62,-226.0,2,2,D,50.0,50.0,9,6,2,6,1.0,1.0,9.0,-8.0,0.33,1.4,2.67,0.6,-3.13,11.3,17.0,2.7,4.2,40.6,54.0
41,2022-23,Bournemouth,Brentford,365.5,390.5,0.94,-25.0,2,2,D,53.2,46.8,14,5,5,3,1.0,2.0,0.0,2.0,0.75,1.0,2.5,2.5,-0.25,10.8,7.0,2.5,2.5,43.0,38.8
42,2022-23,Bournemouth,Brighton,365.5,500.0,0.73,-134.5,1,0,H,51.2,48.8,10,8,6,5,1.0,3.0,4.0,-1.0,1.0,1.5,2.4,0.5,-2.4,11.4,7.5,3.0,2.5,45.0,42.2
43,2022-23,Bournemouth,Chelsea,365.5,923.0,0.4,-557.5,0,1,A,40.6,59.4,13,15,1,6,1.0,6.0,3.0,3.0,1.2,1.0,2.0,1.0,-0.8,11.2,12.5,3.8,5.5,48.5,45.6
44,2022-23,Bournemouth,Crystal Palace,365.5,420.0,0.87,-54.5,2,1,H,51.6,48.4,14,11,2,2,1.0,5.0,0.0,5.0,1.0,0.5,2.0,2.5,1.0,12.0,9.5,3.6,2.5,47.4,40.6
45,2022-23,Bournemouth,Everton,365.5,349.6,1.05,15.9,1,0,H,56.2,43.8,5,14,2,4,1.0,8.0,1.0,7.0,1.4,1.0,1.2,2.5,1.7,12.0,7.5,3.2,4.0,49.3,43.0
46,2022-23,Bournemouth,Fulham,365.5,335.2,1.09,30.3,3,3,D,55.7,44.3,15,10,8,5,1.0,10.0,3.0,7.0,1.2,2.5,0.8,3.5,1.4,11.2,11.5,3.2,4.0,50.6,38.6
47,2022-23,Bournemouth,Ipswich Town,365.5,206.0,1.77,159.5,2,1,H,54.7,45.3,12,9,4,3,1.0,10.0,0.0,10.0,1.4,0.0,1.0,3.0,3.4,11.4,8.0,3.8,2.0,51.1,39.4
48,2022-23,Bournemouth,Leicester City,365.5,264.5,1.38,101.0,2,0,H,50.5,49.5,16,8,3,4,1.0,10.0,1.0,9.0,1.6,0.0,1.2,1.0,1.4,11.8,7.0,3.4,1.0,51.8,37.8
49,2022-23,Bournemouth,Liverpool,365.5,923.0,0.4,-557.5,2,2,D,42.2,57.8,5,15,5,6,1.0,13.0,1.0,12.0,2.0,0.0,1.0,0.5,1.5,12.4,15.5,3.8,2.5,53.7,49.3
50,2022-23,Bournemouth,Manchester City,365.5,1253.0,0.29,-887.5,1,2,A,44.0,56.0,16,17,3,7,1.0,11.0,6.0,5.0,2.0,2.5,1.2,1.0,-0.7,10.6,19.5,4.4,5.0,51.9,52.2
51,2022-23,Bournemouth,Manchester United,365.5,822.0,0.44,-456.5,1,2,A,48.6,51.4,12,24,1,6,1.0,8.0,0.0,8.0,2.0,1.0,1.6,3.0,2.4,12.8,15.0,4.6,6.5,49.4,45.8
52,2022-23,Bournemouth,Newcastle,365.5,626.0,0.58,-260.5,1,2,A,46.5,53.5,9,15,2,4,1.0,7.0,0.0,7.0,1.6,0.5,1.4,1.5,1.2,12.2,10.5,3.2,5.5,48.0,44.2
53,2022-23,Bournemouth,Nottingham Forest,365.5,370.5,0.99,-5.0,3,0,H,53.6,46.4,14,14,6,5,1.0,4.0,1.0,3.0,1.4,0.5,1.6,1.5,0.8,11.6,11.5,2.8,4.0,46.4,43.0
54,2022-23,Bournemouth,Southampton,365.5,247.0,1.48,118.5,1,2,A,59.5,40.5,7,11,4,3,1.0,4.0,1.0,3.0,1.6,0.5,1.6,3.0,2.5,11.2,8.5,3.4,2.0,47.0,41.0
55,2022-23,Bournemouth,Tottenham,365.5,747.2,0.49,-381.7,0,1,A,45.2,54.8,14,14,6,6,1.0,3.0,0.0,3.0,1.4,0.5,1.6,3.5,2.8,11.6,10.0,3.2,8.0,50.4,45.6
56,2022-23,Bournemouth,West Ham,365.5,476.8,0.77,-111.3,1,2,A,52.5,47.5,14,17,7,2,1.0,3.0,0.0,3.0,1.2,0.5,1.4,3.5,2.8,11.2,7.0,3.8,4.5,50.7,41.1
57,2022-23,Bournemouth,Wolves,365.5,346.0,1.06,19.5,1,1,D,51.0,49.0,19,13,6,2,1.0,3.0,1.0,2.0,1.2,1.0,1.4,2.5,1.3,11.6,7.5,5.0,0.5,51.5,42.7
58,2022-23,Brentford,Arsenal,390.5,1149.5,0.34,-759.0,1,5,A,42.2,57.8,5,17,2,5,1.0,1.0,13.0,-12.0,1.33,3.6,2.33,0.4,-4.2,6.3,16.0,2.7,7.4,41.5,58.5
59,2022-23,Brentford,Aston Villa,390.5,591.5,0.66,-201.0,0,1,A,48.3,51.7,7,7,5,5,1.0,1.0,9.0,-8.0,1.25,1.6,3.0,0.8,-2.55,6.0,13.6,2.5,4.4,41.7,53.6
60,2022-23,Brentford,Bournemouth,390.5,365.5,1.07,25.0,4,1,H,49.9,50.1,16,8,5,4,1.0,1.0,4.0,-3.0,1.0,1.2,2.6,1.2,-1.6,6.2,13.6,3.0,5.8,43.0,52.4
61,2022-23,Brentford,Brighton,390.5,500.0,0.78,-109.5,5,0,H,50.7,49.3,14,16,3,3,1.0,4.0,4.0,0.0,1.6,1.0,2.4,0.67,-1.13,8.4,7.7,3.2,3.3,45.9,44.4
62,2022-23,Brentford,Chelsea,390.5,923.0,0.42,-532.5,0,0,D,43.8,56.2,13,13,3,4,1.0,7.0,6.0,1.0,2.4,1.0,1.8,0.67,0.27,9.4,13.3,3.6,5.7,47.6,50.2
63,2022-23,Brentford,Crystal Palace,390.5,420.0,0.93,-29.5,2,0,H,55.4,44.6,14,14,7,4,1.0,7.0,0.0,7.0,2.0,0.67,1.4,2.33,2.27,11.0,10.0,3.6,2.3,47.0,43.2
64,2022-23,Brentford,Everton,390.5,349.6,1.12,40.9,1,0,H,53.5,46.5,18,16,4,6,1.0,10.0,1.0,9.0,2.2,0.67,0.4,2.0,3.13,12.8,9.7,4.6,4.0,49.6,43.2
65,2022-23,Brentford,Fulham,390.5,335.2,1.16,55.3,3,1,H,55.4,44.6,12,8,3,3,1.0,13.0,4.0,9.0,2.4,2.67,0.2,3.33,2.87,15.0,11.0,4.4,4.3,50.7,40.5
66,2022-23,Brentford,Ipswich Town,390.5,206.0,1.9,184.5,2,3,A,54.2,45.8,12,4,4,4,1.0,13.0,0.0,13.0,2.2,0.33,0.2,2.67,4.33,14.2,8.3,4.0,2.3,51.8,41.4
67,2022-23,Brentford,Leicester City,390.5,264.5,1.48,126.0,0,0,D,57.1,42.9,13,9,6,2,1.0,10.0,1.0,9.0,1.6,0.0,0.8,1.33,2.13,13.8,7.3,4.2,2.0,52.5,41.7
68,2022-23,Brentford,Liverpool,390.5,923.0,0.42,-532.5,0,0,D,42.0,58.0,14,16,5,4,1.0,10.0,2.0,8.0,1.6,0.67,0.8,1.0,1.13,13.8,15.3,4.8,3.7,55.1,52.1
69,2022-23,Brentford,Manchester City,390.5,1253.0,0.31,-862.5,0,4,A,42.2,57.8,5,26,4,4,1.0,8.0,9.0,-1.0,1.2,2.33,0.8,1.0,-0.93,13.8,18.7,4.4,5.7,52.4,53.5
70,2022-23,Brentford,Manchester United,390.5,822.0,0.48,-431.5,2,4,A,48.6,51.4,10,11,5,3,1.0,5.0,3.0,2.0,1.0,1.33,1.6,2.33,0.4,11.2,18.0,4.4,6.3,50.2,47.7
71,2022-23,Brentford,Newcastle,390.5,626.0,0.62,-235.5,1,2,A,50.1,49.9,6,12,6,3,1.0,2.0,3.0,-1.0,0.8,1.0,2.2,1.33,-1.07,10.8,12.0,4.8,5.0,48.8,47.3
72,2022-23,Brentford,Nottingham Forest,390.5,370.5,1.05,20.0,1,0,H,54.3,45.7,16,9,5,5,1.0,2.0,1.0,1.0,0.6,0.33,2.0,2.0,0.27,9.6,12.3,5.2,4.3,48.0,44.1
73,2022-23,Brentford,Southampton,390.5,247.0,1.58,143.5,4,1,H,57.0,43.0,11,8,7,3,1.0,4.0,4.0,0.0,0.8,1.0,2.0,2.33,0.13,10.2,9.3,5.0,2.3,47.4,40.8
74,2022-23,Brentford,Tottenham,390.5,747.2,0.52,-356.7,0,0,D,49.9,50.1,12,10,6,7,1.0,6.0,3.0,3.0,1.6,0.67,2.2,2.33,1.07,9.6,11.3,5.4,7.3,50.4,48.7
75,2022-23,Brentford,West Ham,390.5,476.8,0.82,-86.3,1,3,A,51.0,49.0,8,9,2,5,1.0,7.0,3.0,4.0,1.6,1.0,1.4,2.67,1.87,11.0,10.3,5.8,3.7,52.0,43.2
76,2022-23,Brentford,Wolves,390.5,346.0,1.13,44.5,0,0,D,51.5,48.5,16,11,4,5,1.0,7.0,2.0,5.0,1.4,1.0,1.2,2.0,1.2,10.6,9.3,5.2,1.0,52.5,44.8
77,2022-23,Brighton,Arsenal,500.0,1149.5,0.43,-649.5,0,1,A,44.2,55.8,6,15,3,9,1.0,4.0,13.0,-9.0,0.75,3.6,1.75,0.4,-4.2,9.8,17.6,3.2,6.6,45.6,59.1
78,2022-23,Brighton,Aston Villa,500.0,591.5,0.85,-91.5,0,2,A,54.1,45.9,18,12,8,3,1.0,4.0,11.0,-7.0,0.6,1.8,1.6,0.8,-2.0,9.0,11.4,3.2,4.0,45.3,53.0
79,2022-23,Brighton,Bournemouth,500.0,365.5,1.37,134.5,4,0,H,54.2,45.8,12,6,4,0,1.0,3.0,1.0,2.0,0.6,0.8,2.0,2.0,-0.2,11.2,12.4,4.2,5.4,48.9,51.7
80,2022-23,Brighton,Brentford,500.0,390.5,1.28,109.5,3,1,H,52.2,47.8,8,10,8,1,1.0,3.0,8.0,-5.0,0.8,1.2,1.8,0.8,-1.4,12.0,12.6,4.6,4.8,50.1,52.7
81,2022-23,Brighton,Chelsea,500.0,923.0,0.54,-423.0,0,2,A,46.0,54.0,14,8,5,7,1.0,6.0,7.0,-1.0,1.4,0.75,1.8,0.5,-0.65,12.0,13.2,5.2,5.2,50.8,51.7
82,2022-23,Brighton,Crystal Palace,500.0,420.0,1.19,80.0,0,0,D,53.9,46.1,11,11,9,5,1.0,6.0,0.0,6.0,1.4,0.5,1.2,2.25,1.95,11.6,11.0,5.6,2.8,50.1,43.5
83,2022-23,Brighton,Everton,500.0,349.6,1.43,150.4,2,0,H,57.9,42.1,12,10,4,0,1.0,7.0,1.0,6.0,1.4,0.5,1.0,1.75,1.65,12.6,11.2,6.8,4.5,52.1,44.0
84,2022-23,Brighton,Fulham,500.0,335.2,1.49,164.8,0,1,A,53.9,46.1,12,14,3,3,1.0,10.0,4.0,6.0,1.8,2.25,0.6,3.25,2.2,11.4,10.2,6.0,4.0,52.8,41.5
85,2022-23,Brighton,Ipswich Town,500.0,206.0,2.43,294.0,1,0,H,50.4,49.6,16,6,8,3,1.0,7.0,3.0,4.0,1.0,1.0,0.8,2.5,1.7,11.4,7.2,5.8,2.8,52.8,42.5
86,2022-23,Brighton,Leicester City,500.0,264.5,1.89,235.5,3,0,H,55.8,44.2,13,15,5,4,1.0,7.0,2.0,5.0,0.6,0.0,0.6,1.0,1.0,13.0,7.8,5.8,2.0,52.4,42.0
87,2022-23,Brighton,Liverpool,500.0,923.0,0.54,-423.0,1,2,A,45.2,54.8,15,10,6,3,1.0,10.0,3.0,7.0,1.2,0.5,0.2,0.75,1.25,12.8,15.5,5.8,3.8,54.4,53.6
88,2022-23,Brighton,Manchester City,500.0,1253.0,0.4,-753.0,2,3,A,41.1,58.9,10,21,1,9,1.0,9.0,12.0,-3.0,1.4,2.75,0.6,0.75,-1.2,13.6,20.5,5.2,5.2,52.6,54.5
89,2022-23,Brighton,Manchester United,500.0,822.0,0.61,-322.0,1,1,D,48.0,52.0,11,15,7,4,1.0,6.0,6.0,0.0,1.4,2.0,1.2,2.25,0.45,13.2,16.2,4.6,5.5,49.3,48.6
90,2022-23,Brighton,Newcastle,500.0,626.0,0.8,-126.0,2,1,H,51.1,48.9,10,15,3,7,1.0,7.0,6.0,1.0,1.6,1.25,1.2,1.25,0.4,13.0,12.0,5.4,4.5,48.1,48.0
91,2022-23,Brighton,Nottingham Forest,500.0,370.5,1.35,129.5,3,0,H,56.8,43.2,22,8,4,4,1.0,7.0,1.0,6.0,1.8,0.25,1.4,1.75,1.9,11.8,11.5,4.4,4.5,48.2,44.5
92,2022-23,Brighton,Southampton,500.0,247.0,2.02,253.0,3,0,H,61.4,38.6,9,9,4,2,1.0,7.0,4.0,3.0,1.8,1.0,1.4,2.75,2.15,13.6,9.0,4.2,2.5,48.4,41.4
93,2022-23,Brighton,Tottenham,500.0,747.2,0.67,-247.2,1,2,A,50.4,49.6,12,11,4,4,1.0,10.0,4.0,6.0,2.2,0.5,1.0,1.75,2.45,12.4,11.0,3.8,7.2,51.7,49.0
94,2022-23,Brighton,West Ham,500.0,476.8,1.05,23.2,2,0,H,51.0,49.0,11,10,2,4,1.0,10.0,6.0,4.0,2.0,1.5,0.8,2.25,1.95,12.8,10.0,4.4,4.0,53.5,44.7
95,2022-23,Brighton,Wolves,500.0,346.0,1.45,154.0,0,0,D,53.1,46.9,9,12,3,2,1.0,12.0,3.0,9.0,2.2,0.75,0.6,1.5,2.35,12.8,9.8,3.4,2.0,54.1,45.7
96,2022-23,Chelsea,Arsenal,923.0,1149.5,0.8,-226.5,0,2,A,50.8,49.2,12,15,3,6,1.0,10.0,13.0,-3.0,1.0,3.0,0.4,0.4,-2.0,12.2,16.6,5.6,7.4,52.2,57.6
97,2022-23,Chelsea,Aston Villa,923.0,591.5,1.56,331.5,2,2,D,58.3,41.7,21,10,7,0,1.0,7.0,11.0,-4.0,0.6,1.8,0.6,0.8,-1.0,12.2,11.4,5.4,4.4,54.4,51.4
98,2022-23,Chelsea,Bournemouth,923.0,365.5,2.53,557.5,2,0,H,59.9,40.1,23,4,6,2,1.0,8.0,1.0,7.0,1.0,0.6,0.8,2.4,2.0,13.8,12.2,5.4,4.6,55.7,48.9
99,2022-23,Chelsea,Brentford,923.0,390.5,2.36,532.5,2,0,H,57.0,43.0,14,4,10,4,1.0,8.0,5.0,3.0,1.2,1.2,0.8,1.4,0.6,15.4,11.4,5.4,4.0,55.8,51.4
100,2022-23,Chelsea,Brighton,923.0,500.0,1.85,423.0,1,1,D,55.2,44.8,10,14,2,2,1.0,10.0,10.0,0.0,1.6,1.8,0.8,0.4,-0.6,15.6,12.6,6.6,3.4,56.0,54.5
101,2022-23,Chelsea,Crystal Palace,923.0,420.0,2.2,503.0,1,0,H,62.7,37.3,23,13,7,4,1.0,8.0,1.0,7.0,1.4,0.4,1.0,1.8,1.8,16.0,11.0,5.6,3.2,56.2,44.1
102,2022-23,Chelsea,Everton,923.0,349.6,2.64,573.4,7,2,H,68.4,31.6,22,12,3,3,1.0,11.0,1.0,10.0,1.6,0.4,0.6,1.8,2.4,18.2,11.0,6.4,3.6,58.6,43.7
103,2022-23,Chelsea,Fulham,923.0,335.2,2.75,587.8,2,0,H,62.6,37.4,14,6,8,1,1.0,13.0,7.0,6.0,2.6,2.0,0.6,2.6,2.6,18.4,11.0,5.6,3.8,60.6,42.5
104,2022-23,Chelsea,Ipswich Town,923.0,206.0,4.48,717.0,3,0,H,63.7,36.3,17,5,9,0,1.0,13.0,3.0,10.0,2.6,0.8,0.6,2.2,3.4,16.6,7.0,6.0,2.8,61.2,43.9
105,2022-23,Chelsea,Leicester City,923.0,264.5,3.49,658.5,1,0,H,65.6,34.4,21,5,7,0,1.0,13.0,2.0,11.0,2.8,0.0,0.6,1.4,3.6,17.2,9.2,5.8,2.4,62.5,42.4
106,2022-23,Chelsea,Liverpool,923.0,923.0,1.0,0.0,1,0,H,55.9,44.1,27,15,7,8,1.0,15.0,6.0,9.0,2.8,0.8,0.4,0.8,2.4,19.4,14.4,6.8,3.6,64.6,53.8
107,2022-23,Chelsea,Manchester City,923.0,1253.0,0.74,-330.0,2,2,D,47.8,52.2,21,14,3,7,1.0,15.0,15.0,0.0,2.8,2.8,0.4,1.0,0.6,20.2,20.6,6.8,6.0,63.2,55.4
108,2022-23,Chelsea,Manchester United,923.0,822.0,1.12,101.0,1,0,H,52.2,47.8,16,13,11,4,1.0,13.0,7.0,6.0,1.8,1.8,0.4,2.0,1.6,20.0,16.0,6.8,5.2,59.1,49.3
109,2022-23,Chelsea,Newcastle,923.0,626.0,1.47,297.0,5,1,H,61.7,38.3,25,14,4,4,1.0,13.0,6.0,7.0,1.6,1.2,0.4,1.4,1.4,20.4,12.6,7.4,5.0,57.0,48.1
110,2022-23,Chelsea,Nottingham Forest,923.0,370.5,2.49,552.5,1,0,H,62.4,37.6,14,8,12,2,1.0,13.0,1.0,12.0,2.0,0.2,0.6,2.0,3.2,22.0,10.8,6.4,4.4,56.6,44.2
111,2022-23,Chelsea,Southampton,923.0,247.0,3.74,676.0,6,0,H,63.5,36.5,15,3,5,0,1.0,13.0,4.0,9.0,2.0,0.8,0.6,2.8,3.4,20.6,9.0,7.4,2.4,56.0,40.8
112,2022-23,Chelsea,Tottenham,923.0,747.2,1.24,175.8,1,0,H,56.1,43.9,17,9,8,6,1.0,13.0,7.0,6.0,3.0,0.8,0.6,1.6,3.2,18.2,11.0,7.0,6.6,57.5,49.1
113,2022-23,Chelsea,West Ham,923.0,476.8,1.94,446.2,1,0,H,59.9,40.1,14,6,5,6,1.0,15.0,6.0,9.0,2.8,1.2,0.2,2.2,3.6,17.4,10.0,8.0,4.0,59.2,45.5
114,2022-23,Chelsea,Wolves,923.0,346.0,2.67,577.0,3,0,H,64.3,35.7,17,7,8,2,1.0,15.0,4.0,11.0,2.8,0.6,0.2,1.2,3.2,17.0,10.2,6.8,2.0,60.7,46.0
115,2022-23,Crystal Palace,Arsenal,420.0,1149.5,0.37,-729.5,1,1,D,43.8,56.2,6,19,4,13,1.0,1.0,13.0,-12.0,0.2,2.6,1.4,0.2,-3.6,12.6,15.6,4.0,7.0,44.5,55.5
116,2022-23,Crystal Palace,Aston Villa,420.0,591.5,0.71,-171.5,0,1,A,49.6,50.4,9,11,2,7,1.0,2.0,9.0,-7.0,0.4,1.6,1.2,1.0,-1.4,11.0,10.2,3.8,3.6,44.0,48.9
117,2022-23,Crystal Palace,Bournemouth,420.0,365.5,1.15,54.5,1,0,H,50.7,49.3,14,9,2,2,1.0,2.0,1.0,1.0,0.2,0.6,1.0,2.6,1.2,10.6,10.2,3.8,3.8,44.3,47.9
118,2022-23,Crystal Palace,Brentford,420.0,390.5,1.08,29.5,7,1,H,55.8,44.2,11,6,5,0,1.0,5.0,2.0,3.0,0.4,0.4,0.6,1.6,1.0,10.6,10.0,3.4,3.4,45.5,48.6
119,2022-23,Crystal Palace,Brighton,420.0,500.0,0.84,-80.0,1,3,A,52.0,48.0,15,13,6,6,1.0,7.0,8.0,-1.0,1.8,1.4,0.8,0.6,0.2,10.6,11.0,3.4,3.0,47.4,52.1
120,2022-23,Crystal Palace,Chelsea,420.0,923.0,0.46,-503.0,1,3,A,44.1,55.9,13,13,4,3,1.0,7.0,15.0,-8.0,2.0,2.4,1.2,0.0,-1.6,11.0,15.4,3.8,7.6,50.4,61.2
121,2022-23,Crystal Palace,Everton,420.0,349.6,1.2,70.4,5,1,H,49.4,50.6,19,5,8,3,1.0,6.0,1.0,5.0,2.0,0.6,1.6,2.4,2.2,12.4,11.8,3.8,3.6,50.4,42.0
122,2022-23,Crystal Palace,Fulham,420.0,335.2,1.25,84.8,3,1,H,55.8,44.2,7,5,6,3,1.0,9.0,7.0,2.0,3.0,2.0,1.6,1.8,1.2,14.4,10.2,5.0,3.0,50.4,43.1
123,2022-23,Crystal Palace,Ipswich Town,420.0,206.0,2.04,214.0,2,0,H,54.6,45.4,12,6,5,0,1.0,9.0,3.0,6.0,3.4,0.8,1.8,2.0,2.8,13.0,6.0,5.8,2.6,51.4,44.5
124,2022-23,Crystal Palace,Leicester City,420.0,264.5,1.59,155.5,1,0,H,53.7,46.3,13,16,5,2,1.0,9.0,1.0,8.0,2.4,0.0,1.6,1.6,2.4,13.2,9.2,5.8,2.4,51.2,41.5
125,2022-23,Crystal Palace,Liverpool,420.0,923.0,0.46,-503.0,2,3,A,42.1,57.9,8,13,4,6,1.0,12.0,6.0,6.0,2.4,0.8,1.0,0.8,1.4,12.8,14.4,5.6,5.0,51.5,54.0
126,2022-23,Crystal Palace,Manchester City,420.0,1253.0,0.34,-833.0,1,1,D,39.0,61.0,10,16,3,10,1.0,12.0,13.0,-1.0,2.6,2.8,1.0,1.4,0.2,11.8,20.0,5.6,7.0,51.1,57.0
127,2022-23,Crystal Palace,Manchester United,420.0,822.0,0.51,-402.0,1,3,A,46.9,53.1,11,10,2,4,1.0,10.0,7.0,3.0,1.8,1.4,1.0,1.6,1.0,10.0,15.6,4.6,4.2,49.0,50.4
128,2022-23,Crystal Palace,Newcastle,420.0,626.0,0.67,-206.0,2,2,D,48.4,51.6,11,13,2,10,1.0,7.0,6.0,1.0,1.4,1.2,1.4,2.0,0.8,10.8,13.8,3.8,5.0,47.3,48.2
129,2022-23,Crystal Palace,Nottingham Forest,420.0,370.5,1.13,49.5,1,2,A,51.7,48.3,12,8,5,8,1.0,5.0,1.0,4.0,1.4,0.2,1.8,1.8,1.2,10.6,10.4,3.2,4.8,46.0,44.2
130,2022-23,Crystal Palace,Southampton,420.0,247.0,1.7,173.0,4,1,H,59.3,40.7,10,9,3,6,1.0,2.0,4.0,-2.0,1.4,0.6,2.2,2.8,1.4,10.4,7.8,3.2,2.2,45.6,40.8
131,2022-23,Crystal Palace,Tottenham,420.0,747.2,0.56,-327.2,1,0,H,49.0,51.0,6,13,2,4,1.0,5.0,7.0,-2.0,1.8,0.6,1.8,0.8,0.2,10.8,11.0,3.0,6.0,49.1,48.9
132,2022-23,Crystal Palace,West Ham,420.0,476.8,0.88,-56.8,5,0,H,53.2,46.8,5,13,4,6,1.0,7.0,6.0,1.0,1.8,1.2,1.6,1.6,0.6,10.0,9.8,2.8,4.8,51.1,46.2
133,2022-23,Crystal Palace,Wolves,420.0,346.0,1.21,74.0,1,0,H,54.8,45.2,12,9,5,3,1.0,10.0,4.0,6.0,2.6,0.4,1.0,1.0,2.2,8.8,10.8,3.2,2.4,52.3,45.0
134,2022-23,Everton,Arsenal,349.6,1149.5,0.3,-799.9,1,4,A,39.6,60.4,7,13,1,9,1.0,0.0,13.0,-13.0,0.6,2.8,3.2,0.4,-5.0,11.4,16.4,3.2,8.6,42.9,55.4
135,2022-23,Everton,Aston Villa,349.6,591.5,0.59,-241.9,2,4,A,49.5,50.5,15,11,4,2,1.0,0.0,11.0,-11.0,0.8,1.6,3.8,0.8,-3.8,10.0,9.2,2.6,4.2,42.1,47.9
136,2022-23,Everton,Bournemouth,349.6,365.5,0.96,-15.9,4,3,H,50.5,49.5,13,12,4,3,1.0,0.0,1.0,-1.0,1.2,0.4,4.4,2.4,-1.2,9.8,9.2,2.2,2.8,42.7,47.3
137,2022-23,Everton,Brentford,349.6,390.5,0.9,-40.9,1,1,D,49.1,50.9,9,6,4,2,1.0,3.0,1.0,2.0,2.0,0.6,4.6,3.0,-0.2,10.4,8.8,3.0,2.2,44.4,47.5
138,2022-23,Everton,Brighton,349.6,500.0,0.7,-150.4,2,1,H,50.4,49.6,9,9,2,4,1.0,4.0,8.0,-4.0,1.8,1.4,3.4,0.8,-2.2,9.8,11.8,3.2,3.4,47.9,49.5
139,2022-23,Everton,Chelsea,349.6,923.0,0.38,-573.4,0,1,A,46.0,54.0,9,14,4,5,1.0,7.0,15.0,-8.0,2.0,2.8,2.6,0.2,-3.2,10.6,15.2,3.0,5.8,47.8,59.9
140,2022-23,Everton,Crystal Palace,349.6,420.0,0.83,-70.4,1,1,D,50.4,49.6,10,10,7,2,1.0,7.0,12.0,-5.0,1.8,2.4,2.0,0.6,-2.0,11.0,9.0,3.6,3.8,49.1,53.6
141,2022-23,Everton,Fulham,349.6,335.2,1.04,14.4,2,2,D,48.1,51.9,13,8,5,2,1.0,8.0,4.0,4.0,1.6,1.2,1.4,2.2,1.2,10.0,8.6,4.2,3.0,49.3,43.3
142,2022-23,Everton,Ipswich Town,349.6,206.0,1.7,143.6,3,1,H,56.8,43.2,10,7,4,3,1.0,6.0,3.0,3.0,1.2,0.8,1.2,2.0,1.2,10.0,6.0,4.4,2.0,48.8,44.5
143,2022-23,Everton,Leicester City,349.6,264.5,1.32,85.1,1,1,D,54.2,45.8,13,6,9,0,1.0,8.0,1.0,7.0,1.6,0.0,1.2,1.4,1.8,10.2,10.6,4.4,2.4,50.3,43.5
144,2022-23,Everton,Liverpool,349.6,923.0,0.38,-573.4,2,0,H,42.6,57.4,12,18,2,7,1.0,6.0,8.0,-2.0,1.4,1.4,1.2,1.2,0.0,11.0,13.8,5.8,5.4,51.1,54.5
145,2022-23,Everton,Manchester City,349.6,1253.0,0.28,-903.4,0,5,A,34.3,65.7,6,19,4,8,1.0,9.0,11.0,-2.0,1.8,2.4,1.0,1.2,-0.4,11.6,18.8,5.4,7.4,50.4,57.2
146,2022-23,Everton,Manchester United,349.6,822.0,0.43,-472.4,3,1,H,47.8,52.2,8,16,1,5,1.0,8.0,10.0,-2.0,1.6,2.0,1.8,1.2,-1.0,10.8,14.6,4.8,4.2,47.2,51.1
147,2022-23,Everton,Newcastle,349.6,626.0,0.56,-276.4,1,1,D,53.5,46.5,9,16,4,4,1.0,10.0,7.0,3.0,1.8,1.6,1.6,2.2,0.8,9.8,13.8,4.0,5.6,47.1,48.4
148,2022-23,Everton,Nottingham Forest,349.6,370.5,0.94,-20.9,2,1,H,51.8,48.2,15,7,4,4,1.0,8.0,3.0,5.0,1.4,0.4,1.6,1.8,1.2,9.6,9.4,4.0,4.8,46.5,44.2
149,2022-23,Everton,Southampton,349.6,247.0,1.42,102.6,0,1,A,57.9,42.1,12,10,2,2,1.0,10.0,3.0,7.0,1.6,0.8,1.6,3.6,2.8,10.0,8.0,3.0,2.8,46.0,39.9
150,2022-23,Everton,Tottenham,349.6,747.2,0.47,-397.6,2,2,D,49.8,50.2,11,13,1,7,1.0,7.0,7.0,0.0,1.2,0.6,1.8,0.6,-0.6,10.0,11.4,3.0,5.4,49.1,49.9
151,2022-23,Everton,West Ham,349.6,476.8,0.73,-127.2,4,2,H,51.8,48.2,14,6,3,1,1.0,8.0,6.0,2.0,1.6,1.0,1.2,2.0,1.4,11.0,11.0,2.4,4.6,52.2,46.5
152,2022-23,Everton,Wolves,349.6,346.0,1.01,3.6,1,1,D,53.1,46.9,13,14,5,2,1.0,8.0,3.0,5.0,1.8,0.2,1.4,1.0,1.2,12.2,10.4,2.8,2.8,53.0,45.1
153,2022-23,Fulham,Arsenal,335.2,1149.5,0.29,-814.3,0,2,A,43.7,56.3,5,24,1,3,1.0,4.0,13.0,-9.0,1.0,2.6,2.0,0.6,-3.0,8.2,15.8,2.4,8.4,44.8,55.9
154,2022-23,Fulham,Aston Villa,335.2,591.5,0.57,-256.3,2,0,H,49.2,50.8,7,7,5,3,1.0,4.0,13.0,-9.0,0.8,2.0,1.8,0.8,-2.2,7.6,10.2,2.0,3.4,44.7,48.0
155,2022-23,Fulham,Bournemouth,335.2,365.5,0.92,-30.3,2,0,H,49.6,50.4,13,8,2,5,1.0,4.0,0.0,4.0,1.0,0.8,1.8,3.0,1.4,6.2,7.8,2.4,2.2,45.3,47.0
156,2022-23,Fulham,Brentford,335.2,390.5,0.86,-55.3,2,2,D,48.4,51.6,11,14,6,3,1.0,7.0,2.0,5.0,1.4,0.6,1.4,2.6,2.0,7.6,8.4,2.6,2.2,47.7,47.5
157,2022-23,Fulham,Brighton,335.2,500.0,0.67,-164.8,1,1,D,48.7,51.3,13,11,4,3,1.0,8.0,8.0,0.0,1.6,1.4,1.2,0.8,-0.2,8.8,11.2,3.2,3.4,48.6,49.3
158,2022-23,Fulham,Chelsea,335.2,923.0,0.36,-587.8,0,4,A,42.6,57.4,8,16,1,6,1.0,8.0,15.0,-7.0,1.4,1.8,1.0,0.2,-1.2,9.8,15.0,3.6,5.8,47.9,58.0
159,2022-23,Fulham,Crystal Palace,335.2,420.0,0.8,-84.8,1,0,H,51.9,48.1,17,14,5,3,1.0,8.0,13.0,-5.0,1.4,2.4,1.4,0.4,-2.0,10.4,8.6,3.6,3.2,47.7,53.2
160,2022-23,Fulham,Everton,335.2,349.6,0.96,-14.4,0,0,D,49.3,50.7,8,9,8,2,1.0,8.0,8.0,0.0,1.2,1.8,1.4,1.4,-0.6,12.4,13.0,3.6,3.0,48.2,52.9
161,2022-23,Fulham,Ipswich Town,335.2,206.0,1.63,129.2,1,0,H,54.4,45.6,15,14,6,3,1.0,6.0,3.0,3.0,0.8,0.8,1.4,2.2,0.8,11.4,5.6,4.8,2.0,48.2,44.1
162,2022-23,Fulham,Leicester City,335.2,264.5,1.27,70.7,6,1,H,51.9,48.1,11,10,7,3,1.0,8.0,2.0,6.0,0.6,0.2,1.0,1.2,0.6,12.2,10.2,4.8,1.6,49.4,42.7
163,2022-23,Fulham,Liverpool,335.2,923.0,0.36,-587.8,2,3,A,46.7,53.3,9,20,4,10,1.0,10.0,7.0,3.0,1.6,1.0,1.0,1.2,0.8,11.8,14.4,5.4,5.6,50.0,54.4
164,2022-23,Fulham,Manchester City,335.2,1253.0,0.27,-917.8,0,4,A,39.0,61.0,5,17,4,7,1.0,10.0,11.0,-1.0,2.0,3.0,0.8,1.0,-0.8,12.0,19.2,6.0,7.6,50.8,59.1
165,2022-23,Fulham,Manchester United,335.2,822.0,0.41,-486.8,0,3,A,47.7,52.3,10,14,1,3,1.0,7.0,7.0,0.0,1.8,1.8,1.6,1.6,0.0,9.6,13.0,5.8,4.0,48.3,51.3
166,2022-23,Fulham,Newcastle,335.2,626.0,0.54,-290.8,0,0,D,49.7,50.3,10,13,3,2,1.0,6.0,5.0,1.0,1.8,1.4,2.2,2.2,0.4,10.0,14.0,4.4,5.6,47.9,47.0
167,2022-23,Fulham,Nottingham Forest,335.2,370.5,0.9,-35.3,2,2,D,51.5,48.5,9,9,5,2,1.0,4.0,3.0,1.0,1.6,0.6,2.2,1.6,0.4,9.0,8.0,3.8,4.6,47.0,44.6
168,2022-23,Fulham,Southampton,335.2,247.0,1.36,88.2,4,0,H,54.9,45.1,5,6,4,2,1.0,2.0,3.0,-1.0,0.8,0.6,2.4,3.4,1.2,8.6,7.8,3.4,2.6,46.9,40.2
169,2022-23,Fulham,Tottenham,335.2,747.2,0.45,-412.0,1,6,A,44.2,55.8,9,14,3,5,1.0,5.0,5.0,0.0,1.2,0.8,1.8,1.0,-0.4,7.8,11.2,3.4,5.6,48.6,49.0
170,2022-23,Fulham,West Ham,335.2,476.8,0.7,-141.6,0,0,D,46.0,54.0,10,8,3,5,1.0,5.0,3.0,2.0,1.4,1.0,2.2,2.6,0.8,8.6,8.8,3.2,4.4,49.6,46.6
171,2022-23,Fulham,Wolves,335.2,346.0,0.97,-10.8,0,1,A,48.9,51.1,8,10,4,3,1.0,6.0,3.0,3.0,1.4,0.2,1.6,1.0,0.6,8.6,10.6,3.6,2.8,49.3,44.6
172,2022-23,Ipswich Town,Arsenal,206.0,1149.5,0.18,-943.5,0,2,A,42.0,58.0,4,25,1,10,1.0,0.0,13.0,-13.0,0.2,2.0,2.0,0.4,-3.4,7.6,17.2,1.8,8.0,44.0,55.6
173,2022-23,Ipswich Town,Aston Villa,206.0,591.5,0.35,-385.5,1,4,A,46.4,53.6,16,14,3,6,1.0,0.0,10.0,-10.0,0.2,1.8,2.2,1.2,-2.6,7.2,10.2,1.4,3.0,42.5,47.9
174,2022-23,Ipswich Town,Bournemouth,206.0,365.5,0.56,-159.5,0,1,A,54.3,45.7,11,18,5,1,1.0,0.0,0.0,0.0,0.4,0.6,2.4,2.6,0.0,9.4,7.8,2.0,2.4,44.5,47.0
175,2022-23,Ipswich Town,Brentford,206.0,390.5,0.53,-184.5,1,5,A,53.0,47.0,6,14,5,4,1.0,0.0,2.0,-2.0,0.4,1.0,2.2,3.0,0.2,10.4,8.0,3.0,2.0,46.3,47.5
176,2022-23,Ipswich Town,Brighton,206.0,500.0,0.41,-294.0,1,1,D,52.9,47.1,8,16,6,4,1.0,0.0,6.0,-6.0,0.4,1.2,2.6,1.0,-2.4,10.2,11.2,3.4,3.6,48.3,49.4
177,2022-23,Ipswich Town,Chelsea,206.0,923.0,0.22,-717.0,0,6,A,45.1,54.9,8,15,2,7,1.0,1.0,15.0,-14.0,0.6,2.4,2.6,0.2,-4.2,9.0,14.8,4.0,5.4,49.7,58.3
178,2022-23,Ipswich Town,Crystal Palace,206.0,420.0,0.49,-214.0,0,3,A,48.9,51.1,12,11,1,3,1.0,1.0,10.0,-9.0,0.6,1.6,3.4,0.4,-4.0,9.8,9.4,4.2,3.2,50.3,50.9
179,2022-23,Ipswich Town,Everton,206.0,349.6,0.59,-143.6,0,0,D,50.3,49.7,15,10,4,2,1.0,1.0,6.0,-5.0,0.4,1.4,3.2,1.2,-3.0,9.0,11.8,3.8,2.6,50.8,52.7
180,2022-23,Ipswich Town,Fulham,206.0,335.2,0.61,-129.2,1,2,A,52.6,47.4,9,16,5,3,1.0,2.0,5.0,-3.0,0.4,1.4,3.0,1.8,-2.2,9.8,8.2,3.6,3.8,50.0,49.1
181,2022-23,Ipswich Town,Leicester City,206.0,264.5,0.78,-58.5,0,2,A,52.2,47.8,14,12,3,2,1.0,2.0,1.0,1.0,0.4,0.4,2.4,2.4,0.0,10.4,10.4,3.6,1.8,50.0,43.8
182,2022-23,Ipswich Town,Liverpool,206.0,923.0,0.22,-717.0,1,1,D,41.4,58.6,8,18,3,7,1.0,1.0,9.0,-8.0,0.2,1.6,2.6,1.6,-2.4,11.6,15.2,3.0,6.8,49.8,53.5
183,2022-23,Ipswich Town,Manchester City,206.0,1253.0,0.16,-1047.0,1,5,A,40.5,59.5,6,19,1,8,1.0,2.0,11.0,-9.0,0.4,3.0,1.6,1.0,-3.2,11.6,17.4,3.2,8.2,49.1,59.8
184,2022-23,Ipswich Town,Manchester United,206.0,822.0,0.25,-616.0,1,0,H,43.7,56.3,14,20,1,5,1.0,2.0,7.0,-5.0,0.6,1.6,2.0,1.2,-1.8,10.4,13.6,3.2,4.0,47.4,51.5
185,2022-23,Ipswich Town,Newcastle,206.0,626.0,0.33,-420.0,0,2,A,45.8,54.2,10,19,2,3,1.0,4.0,3.0,1.0,0.8,1.0,2.0,2.0,-0.2,10.2,14.2,2.6,5.4,46.1,47.1
186,2022-23,Ipswich Town,Nottingham Forest,206.0,370.5,0.56,-164.5,2,0,H,51.1,48.9,14,10,8,3,1.0,4.0,4.0,0.0,0.6,1.0,2.0,1.8,-0.6,10.4,8.0,2.0,4.0,44.7,45.2
187,2022-23,Ipswich Town,Southampton,206.0,247.0,0.83,-41.0,0,2,A,49.9,50.1,7,10,3,2,1.0,7.0,3.0,4.0,1.0,0.4,1.6,3.4,2.4,10.4,7.4,3.0,2.4,44.5,40.6
188,2022-23,Ipswich Town,Tottenham,206.0,747.2,0.28,-541.2,3,2,H,40.7,59.3,13,13,5,5,1.0,6.0,7.0,-1.0,0.8,2.0,1.8,1.2,-1.8,10.2,12.0,3.0,5.2,46.2,50.1
189,2022-23,Ipswich Town,West Ham,206.0,476.8,0.43,-270.8,2,2,D,49.2,50.8,13,6,5,6,1.0,9.0,1.0,8.0,1.2,0.4,1.2,2.4,2.0,11.6,8.6,3.8,4.4,46.2,47.6
190,2022-23,Ipswich Town,Wolves,206.0,346.0,0.6,-140.0,0,0,D,48.3,51.7,10,9,2,5,1.0,7.0,5.0,2.0,1.4,0.4,1.6,1.0,0.4,11.4,10.4,4.6,2.4,47.3,45.2
191,2022-23,Leicester City,Arsenal,264.5,1149.5,0.23,-885.0,1,1,D,43.7,56.3,6,28,1,6,1.0,4.0,13.0,-9.0,0.8,2.2,1.8,0.4,-2.8,9.8,19.2,1.4,8.2,44.5,56.0
192,2022-23,Leicester City,Aston Villa,264.5,591.5,0.45,-327.0,1,3,A,49.6,50.4,4,10,4,1,1.0,5.0,10.0,-5.0,1.0,2.2,1.8,1.4,-1.6,10.0,10.6,1.6,3.6,46.3,49.4
193,2022-23,Leicester City,Bournemouth,264.5,365.5,0.72,-101.0,2,1,H,55.3,44.7,8,11,6,1,1.0,5.0,3.0,2.0,1.2,0.8,2.2,1.8,-0.0,7.6,10.2,2.0,2.6,47.0,47.0
194,2022-23,Leicester City,Brentford,264.5,390.5,0.68,-126.0,0,1,A,50.5,49.5,9,6,6,2,1.0,7.0,5.0,2.0,1.4,1.8,2.2,2.6,-0.0,8.0,8.8,3.2,2.6,48.9,47.3
195,2022-23,Leicester City,Brighton,264.5,500.0,0.53,-235.5,1,1,D,51.6,48.4,7,12,5,1,1.0,7.0,6.0,1.0,1.2,1.4,1.2,1.2,-0.2,7.8,12.6,3.8,3.8,49.4,48.2
196,2022-23,Leicester City,Chelsea,264.5,923.0,0.29,-658.5,0,5,A,42.1,57.9,8,18,3,8,1.0,5.0,15.0,-10.0,1.0,3.4,1.4,0.2,-3.6,6.8,15.0,4.4,5.8,50.1,57.3
197,2022-23,Leicester City,Crystal Palace,264.5,420.0,0.63,-155.5,2,1,H,50.8,49.2,9,9,5,2,1.0,4.0,10.0,-6.0,0.8,2.0,2.2,0.4,-3.0,7.2,10.4,4.8,3.4,49.8,51.4
198,2022-23,Leicester City,Everton,264.5,349.6,0.76,-85.1,3,2,H,52.0,48.0,11,15,2,3,1.0,7.0,7.0,0.0,1.0,1.4,1.8,1.0,-1.2,8.2,11.4,5.0,2.6,50.1,51.0
199,2022-23,Leicester City,Fulham,264.5,335.2,0.79,-70.7,1,0,H,52.7,47.3,8,7,2,1,1.0,7.0,7.0,0.0,1.2,1.4,2.0,1.6,-0.6,8.8,9.6,4.2,3.4,49.4,48.3
200,2022-23,Leicester City,Ipswich Town,264.5,206.0,1.28,58.5,2,0,H,55.8,44.2,15,10,3,4,1.0,10.0,8.0,2.0,1.4,1.4,1.8,1.2,-0.6,8.6,11.4,3.4,4.6,49.8,47.8
201,2022-23,Leicester City,Liverpool,264.5,923.0,0.29,-658.5,0,3,A,40.2,59.8,10,18,3,7,1.0,12.0,7.0,5.0,1.6,1.4,1.6,1.6,0.2,10.2,16.8,3.0,7.6,50.7,54.3
202,2022-23,Leicester City,Manchester City,264.5,1253.0,0.21,-988.5,0,4,A,38.1,61.9,8,13,2,8,1.0,12.0,11.0,1.0,1.6,3.4,1.2,0.8,-2.2,10.6,17.0,3.0,8.0,50.3,59.9
203,2022-23,Leicester City,Manchester United,264.5,822.0,0.32,-557.5,1,0,H,47.0,53.0,16,14,6,5,1.0,9.0,6.0,3.0,1.2,1.4,1.8,1.2,-0.8,10.4,14.6,2.4,4.2,47.8,52.3
204,2022-23,Leicester City,Newcastle,264.5,626.0,0.42,-361.5,0,3,A,43.8,56.2,11,10,6,5,1.0,9.0,6.0,3.0,0.8,1.2,1.4,1.6,-0.2,11.4,15.0,3.2,4.6,46.8,48.2
205,2022-23,Leicester City,Nottingham Forest,264.5,370.5,0.71,-106.0,2,2,D,48.0,52.0,9,4,7,2,1.0,6.0,4.0,2.0,0.6,1.0,2.0,1.6,-0.8,12.0,8.4,4.0,3.8,45.0,46.3
206,2022-23,Leicester City,Southampton,264.5,247.0,1.07,17.5,3,3,D,47.3,52.7,13,3,4,3,1.0,4.0,6.0,-2.0,0.6,0.8,2.4,2.8,0.2,10.8,7.6,4.8,2.4,43.4,42.9
207,2022-23,Leicester City,Tottenham,264.5,747.2,0.35,-482.7,0,0,D,42.7,57.3,8,11,5,7,1.0,5.0,4.0,1.0,1.2,2.0,2.4,1.6,-1.6,11.4,12.4,5.0,5.4,44.8,52.0
208,2022-23,Leicester City,West Ham,264.5,476.8,0.55,-212.3,4,1,H,49.8,50.2,11,12,3,3,1.0,6.0,2.0,4.0,1.2,0.8,1.6,2.4,1.2,11.4,7.8,5.6,4.8,45.8,48.0
209,2022-23,Leicester City,Wolves,264.5,346.0,0.76,-81.5,2,2,D,49.1,50.9,21,12,5,3,1.0,6.0,5.0,1.0,1.8,0.4,1.8,1.0,0.6,10.4,9.8,5.0,3.0,46.3,46.1
210,2022-23,Liverpool,Arsenal,923.0,1149.5,0.8,-226.5,1,1,D,52.1,47.9,12,14,3,5,1.0,10.0,11.0,-1.0,2.0,2.0,1.4,0.6,-0.8,17.4,21.8,7.4,8.2,57.4,57.4
211,2022-23,Liverpool,Aston Villa,923.0,591.5,1.56,331.5,5,2,H,55.7,44.3,8,10,3,1,1.0,8.0,12.0,-4.0,1.6,2.4,1.2,1.2,-0.8,17.2,10.6,6.8,3.8,56.2,51.1
212,2022-23,Liverpool,Bournemouth,923.0,365.5,2.53,557.5,2,0,H,60.7,39.3,18,7,7,5,1.0,11.0,3.0,8.0,2.6,1.0,1.2,1.8,2.2,15.2,11.6,6.0,2.4,55.9,47.9
213,2022-23,Liverpool,Brentford,923.0,390.5,2.36,532.5,1,0,H,61.5,38.5,12,9,7,5,1.0,11.0,8.0,3.0,2.4,2.0,0.8,2.2,1.8,14.8,9.2,5.4,2.2,57.4,48.6
214,2022-23,Liverpool,Brighton,923.0,500.0,1.85,423.0,4,1,H,57.7,42.3,17,8,5,4,1.0,13.0,6.0,7.0,2.4,1.4,0.6,1.2,1.6,13.6,12.2,5.4,3.6,58.0,48.9
215,2022-23,Liverpool,Chelsea,923.0,923.0,1.0,0.0,1,1,D,56.1,43.9,14,10,6,4,1.0,13.0,15.0,-2.0,2.6,3.8,0.8,0.2,-1.8,13.4,15.2,5.0,5.8,57.5,56.0
216,2022-23,Liverpool,Crystal Palace,923.0,420.0,2.2,503.0,4,1,H,60.2,39.8,20,5,6,0,1.0,13.0,7.0,6.0,2.6,1.2,0.8,0.8,1.4,13.8,11.2,5.6,3.0,58.3,50.6
217,2022-23,Liverpool,Everton,923.0,349.6,2.64,573.4,5,1,H,60.8,39.2,18,5,5,1,1.0,13.0,6.0,7.0,2.4,1.4,0.6,1.2,1.6,16.2,12.2,6.2,3.0,59.2,50.7
218,2022-23,Liverpool,Fulham,923.0,335.2,2.75,587.8,3,0,H,59.1,40.9,18,6,6,5,1.0,13.0,4.0,9.0,3.0,0.6,0.8,1.8,3.4,16.2,10.0,5.8,2.8,59.3,46.8
219,2022-23,Liverpool,Ipswich Town,923.0,206.0,4.48,717.0,1,0,H,64.6,35.4,21,4,7,1,1.0,13.0,5.0,8.0,3.4,1.0,0.8,1.6,3.2,17.4,10.6,5.6,3.8,58.8,46.5
220,2022-23,Liverpool,Leicester City,923.0,264.5,3.49,658.5,2,0,H,64.2,35.8,22,11,9,1,1.0,13.0,7.0,6.0,2.8,2.2,0.6,1.6,1.6,18.2,12.4,6.0,4.8,60.2,47.4
221,2022-23,Liverpool,Manchester City,923.0,1253.0,0.74,-330.0,3,0,H,47.4,52.6,9,18,6,11,1.0,15.0,13.0,2.0,3.0,3.8,0.4,0.4,-0.8,19.8,16.8,6.6,8.2,61.8,61.8
222,2022-23,Liverpool,Manchester United,923.0,822.0,1.12,101.0,4,0,H,51.4,48.6,19,16,9,7,1.0,15.0,6.0,9.0,2.8,1.4,0.2,1.2,2.4,17.6,14.8,6.6,4.4,59.2,53.4
223,2022-23,Liverpool,Newcastle,923.0,626.0,1.47,297.0,2,0,H,56.5,43.5,17,11,5,5,1.0,15.0,9.0,6.0,2.6,1.6,0.0,0.6,1.6,17.8,14.2,7.4,4.8,57.3,51.8
224,2022-23,Liverpool,Nottingham Forest,923.0,370.5,2.49,552.5,0,1,A,62.2,37.8,20,8,11,0,1.0,15.0,5.0,10.0,2.4,1.4,0.0,1.8,2.8,17.6,7.6,7.2,3.8,56.8,49.2
225,2022-23,Liverpool,Southampton,923.0,247.0,3.74,676.0,4,0,H,65.9,34.1,16,7,8,0,1.0,12.0,7.0,5.0,2.2,1.4,0.2,2.2,2.8,17.4,7.6,8.0,3.0,56.3,46.1
226,2022-23,Liverpool,Tottenham,923.0,747.2,1.24,175.8,5,0,H,51.9,48.1,16,19,10,2,1.0,12.0,5.0,7.0,2.6,2.0,0.2,1.4,1.8,16.2,12.8,7.8,5.6,56.7,54.7
227,2022-23,Liverpool,West Ham,923.0,476.8,1.94,446.2,2,3,A,60.4,39.6,13,8,11,2,1.0,12.0,2.0,10.0,3.0,1.0,0.2,3.0,4.8,17.6,9.0,8.6,4.2,57.6,50.0
228,2022-23,Liverpool,Wolves,923.0,346.0,2.67,577.0,0,0,D,59.9,40.1,17,8,5,0,1.0,9.0,6.0,3.0,2.6,0.8,0.8,0.8,1.8,16.4,10.8,9.0,3.2,59.4,49.2
229,2022-23,Manchester City,Arsenal,1253.0,1149.5,1.09,103.5,3,4,A,55.1,44.9,15,18,6,3,1.0,12.0,11.0,1.0,3.6,2.0,0.8,0.6,1.4,17.2,20.8,8.4,6.6,60.1,55.8
230,2022-23,Manchester City,Aston Villa,1253.0,591.5,2.12,661.5,4,1,H,58.9,41.1,20,7,8,2,1.0,9.0,9.0,0.0,3.2,2.6,1.6,2.2,1.2,16.4,10.4,8.0,2.6,58.0,49.9
231,2022-23,Manchester City,Bournemouth,1253.0,365.5,3.43,887.5,3,0,H,66.2,33.8,18,8,9,3,1.0,9.0,3.0,6.0,3.2,1.0,1.8,2.0,2.4,17.0,11.2,8.2,3.0,57.6,45.9
232,2022-23,Manchester City,Brentford,1253.0,390.5,3.21,862.5,2,0,H,63.4,36.6,30,4,10,4,1.0,9.0,8.0,1.0,2.8,1.8,1.6,1.0,0.4,16.8,9.8,8.4,3.2,58.9,47.5
233,2022-23,Manchester City,Brighton,1253.0,500.0,2.51,753.0,5,0,H,65.0,35.0,21,9,7,4,1.0,9.0,3.0,6.0,2.4,1.0,1.6,1.8,1.6,20.2,11.2,8.8,3.2,59.2,47.7
234,2022-23,Manchester City,Chelsea,1253.0,923.0,1.36,330.0,1,1,D,58.3,41.7,11,16,8,3,1.0,12.0,13.0,-1.0,3.4,3.4,1.0,0.2,-0.8,20.8,14.6,8.0,6.0,61.7,53.6
235,2022-23,Manchester City,Crystal Palace,1253.0,420.0,2.98,833.0,6,0,H,68.2,31.8,20,11,7,1,1.0,13.0,4.0,9.0,3.0,1.2,0.4,1.6,3.0,20.0,9.8,8.4,2.0,62.4,47.6
236,2022-23,Manchester City,Everton,1253.0,349.6,3.58,903.4,5,0,H,64.6,35.4,22,3,11,1,1.0,13.0,3.0,10.0,3.4,0.8,0.2,1.8,4.2,20.0,10.4,8.2,2.6,64.2,48.1
237,2022-23,Manchester City,Fulham,1253.0,335.2,3.74,917.8,4,0,H,67.7,32.3,18,5,12,3,1.0,13.0,4.0,9.0,3.8,0.4,0.2,1.2,4.4,20.8,9.4,8.6,3.2,63.9,46.1
238,2022-23,Manchester City,Ipswich Town,1253.0,206.0,6.08,1047.0,4,0,H,65.1,34.9,12,6,5,0,1.0,13.0,5.0,8.0,4.2,1.0,0.2,1.4,4.4,18.4,10.0,9.0,3.4,64.8,43.6
239,2022-23,Manchester City,Leicester City,1253.0,264.5,4.74,988.5,6,0,H,64.2,35.8,31,6,8,1,1.0,13.0,6.0,7.0,4.0,1.8,0.2,1.6,3.6,16.6,12.8,8.6,3.6,64.8,44.9
240,2022-23,Manchester City,Liverpool,1253.0,923.0,1.36,330.0,0,0,D,57.5,42.5,21,18,7,5,1.0,15.0,7.0,8.0,5.0,2.2,0.0,0.8,3.6,20.6,16.4,8.6,9.0,66.0,60.1
241,2022-23,Manchester City,Manchester United,1253.0,822.0,1.52,431.0,1,1,D,56.8,43.2,17,8,9,3,1.0,13.0,3.0,10.0,3.8,0.8,0.0,1.8,4.8,20.8,16.0,8.6,5.0,63.8,52.5
242,2022-23,Manchester City,Newcastle,1253.0,626.0,2.0,627.0,1,0,H,60.5,39.5,20,10,8,1,1.0,11.0,8.0,3.0,3.0,1.2,0.2,0.6,2.2,19.8,13.8,8.2,3.8,62.3,50.1
243,2022-23,Manchester City,Nottingham Forest,1253.0,370.5,3.38,882.5,5,0,H,68.8,31.2,15,5,14,1,1.0,11.0,5.0,6.0,2.4,1.2,0.2,1.6,2.6,20.2,7.6,7.4,2.2,60.8,47.1
244,2022-23,Manchester City,Southampton,1253.0,247.0,5.07,1006.0,6,0,H,67.1,32.9,22,6,10,0,1.0,11.0,7.0,4.0,2.6,1.2,0.2,2.2,3.4,20.8,7.2,9.2,1.8,61.6,44.8
245,2022-23,Manchester City,Tottenham,1253.0,747.2,1.68,505.8,3,0,H,58.0,42.0,24,7,11,4,1.0,11.0,5.0,6.0,2.6,2.0,0.2,2.2,2.6,19.0,14.0,9.6,5.2,62.1,54.1
246,2022-23,Manchester City,West Ham,1253.0,476.8,2.63,776.2,3,0,H,67.7,32.3,23,6,13,2,1.0,13.0,5.0,8.0,3.2,1.6,0.2,2.4,3.8,19.6,8.0,10.4,3.4,62.2,48.6
247,2022-23,Manchester City,Wolves,1253.0,346.0,3.62,907.0,2,0,H,70.3,29.7,13,8,6,2,1.0,15.0,7.0,8.0,3.6,0.8,0.0,0.6,3.4,20.8,10.6,11.2,2.6,64.4,48.1
248,2022-23,Manchester United,Arsenal,822.0,1149.5,0.72,-327.5,1,2,A,43.5,56.5,15,8,7,7,1.0,4.0,11.0,-7.0,0.8,2.0,1.4,1.0,-1.6,14.4,21.8,4.6,5.4,50.7,52.7
249,2022-23,Manchester United,Aston Villa,822.0,591.5,1.39,230.5,1,0,H,56.8,43.2,13,12,9,6,1.0,1.0,6.0,-5.0,0.4,2.0,1.8,2.6,-0.8,14.6,9.6,5.4,2.6,48.9,48.0
250,2022-23,Manchester United,Bournemouth,822.0,365.5,2.25,456.5,3,0,H,60.3,39.7,20,8,9,3,1.0,4.0,3.0,1.0,0.6,0.4,1.6,1.8,0.4,13.2,10.4,6.2,3.0,49.0,42.8
251,2022-23,Manchester United,Brentford,822.0,390.5,2.1,431.5,3,1,H,59.7,40.3,17,9,7,6,1.0,7.0,7.0,0.0,1.2,1.6,1.4,1.2,-0.6,14.4,9.4,7.0,3.6,50.5,44.6
252,2022-23,Manchester United,Brighton,822.0,500.0,1.64,322.0,3,1,H,55.2,44.8,14,10,9,0,1.0,10.0,3.0,7.0,1.8,0.8,0.8,2.4,2.6,14.6,11.2,7.0,3.2,52.7,44.8
253,2022-23,Manchester United,Chelsea,822.0,923.0,0.89,-101.0,1,1,D,49.9,50.1,15,15,7,5,1.0,12.0,11.0,1.0,2.2,3.4,0.8,0.4,-1.6,15.8,15.0,8.2,5.6,55.1,51.2
254,2022-23,Manchester United,Crystal Palace,822.0,420.0,1.96,402.0,0,0,D,58.7,41.3,12,6,7,1,1.0,13.0,3.0,10.0,2.2,1.0,0.6,2.6,3.2,15.8,10.0,8.2,1.8,56.4,44.0
255,2022-23,Manchester United,Everton,822.0,349.6,2.35,472.4,3,1,H,57.8,42.2,20,7,9,3,1.0,11.0,2.0,9.0,2.0,0.6,0.6,2.6,3.4,15.6,8.4,7.8,1.8,56.8,44.6
256,2022-23,Manchester United,Fulham,822.0,335.2,2.45,486.8,2,2,D,57.9,42.1,23,11,5,0,1.0,11.0,3.0,8.0,2.0,0.4,0.8,2.0,2.8,15.6,8.4,7.8,3.2,56.3,43.4
257,2022-23,Manchester United,Ipswich Town,822.0,206.0,3.99,616.0,4,1,H,65.9,34.1,18,5,9,1,1.0,9.0,2.0,7.0,1.8,0.4,1.0,1.8,2.2,16.8,8.6,7.4,2.4,55.9,42.4
258,2022-23,Manchester United,Leicester City,822.0,264.5,3.11,557.5,2,0,H,63.7,36.3,20,6,6,2,1.0,9.0,5.0,4.0,2.0,1.2,1.0,2.2,2.0,17.6,11.4,7.4,3.0,58.0,42.6
259,2022-23,Manchester United,Liverpool,822.0,923.0,0.89,-101.0,1,0,H,47.7,52.3,17,11,7,4,1.0,11.0,8.0,3.0,2.2,2.2,0.8,0.6,-0.2,18.6,16.0,7.2,7.8,60.8,56.1
260,2022-23,Manchester United,Manchester City,822.0,1253.0,0.66,-431.0,1,3,A,48.2,51.8,17,23,3,8,1.0,13.0,15.0,-2.0,2.4,3.8,0.8,0.0,-2.2,19.6,19.4,7.2,10.8,58.6,66.4
261,2022-23,Manchester United,Newcastle,822.0,626.0,1.31,196.0,1,1,D,58.0,42.0,9,15,7,5,1.0,10.0,7.0,3.0,2.0,1.0,1.2,0.6,0.4,19.0,12.6,6.0,3.2,56.7,48.7
262,2022-23,Manchester United,Nottingham Forest,822.0,370.5,2.22,451.5,2,1,H,56.7,43.3,15,9,8,0,1.0,10.0,5.0,5.0,1.8,1.0,1.0,2.2,2.0,16.2,7.2,6.4,1.6,56.7,43.7
263,2022-23,Manchester United,Southampton,822.0,247.0,3.33,575.0,1,1,D,62.0,38.0,26,10,6,2,1.0,10.0,4.0,6.0,1.4,1.0,1.0,3.4,2.8,15.6,6.4,6.2,1.4,54.9,43.0
264,2022-23,Manchester United,Tottenham,822.0,747.2,1.1,74.8,5,0,H,50.6,49.4,16,11,6,2,1.0,8.0,4.0,4.0,1.2,1.6,1.2,2.4,0.8,16.8,12.8,6.2,4.6,54.5,52.5
265,2022-23,Manchester United,West Ham,822.0,476.8,1.72,345.2,3,0,H,53.7,46.3,13,11,12,2,1.0,8.0,5.0,3.0,2.0,1.2,1.2,2.2,1.8,16.6,8.0,6.0,3.6,55.1,45.4
266,2022-23,Manchester United,Wolves,822.0,346.0,2.38,476.0,2,0,H,58.2,41.8,20,5,10,1,1.0,11.0,6.0,5.0,2.4,0.6,0.6,0.8,2.0,15.8,9.4,7.8,2.6,56.2,44.7
267,2022-23,Newcastle,Arsenal,626.0,1149.5,0.54,-523.5,2,4,A,45.2,54.8,13,20,4,11,1.0,7.0,11.0,-4.0,1.2,2.0,0.8,1.2,-0.4,13.0,18.6,3.8,6.2,47.1,52.7
268,2022-23,Newcastle,Aston Villa,626.0,591.5,1.06,34.5,3,1,H,51.8,48.2,14,19,5,3,1.0,4.0,6.0,-2.0,1.2,2.0,1.6,2.4,-0.0,11.8,10.6,4.0,3.2,45.3,46.5
269,2022-23,Newcastle,Bournemouth,626.0,365.5,1.71,260.5,2,0,H,57.9,42.1,11,7,5,3,1.0,4.0,3.0,1.0,1.2,0.4,1.8,2.0,1.0,12.6,10.4,4.0,2.6,44.4,40.6
270,2022-23,Newcastle,Brentford,626.0,390.5,1.6,235.5,0,1,A,52.7,47.3,17,8,5,0,1.0,7.0,6.0,1.0,1.6,1.4,1.4,1.4,0.2,12.6,8.4,4.0,4.2,47.3,42.4
271,2022-23,Newcastle,Brighton,626.0,500.0,1.25,126.0,2,2,D,59.0,41.0,17,16,2,3,1.0,7.0,2.0,5.0,1.6,0.8,1.4,2.8,2.2,14.0,11.0,4.8,2.6,49.9,43.5
272,2022-23,Newcastle,Chelsea,626.0,923.0,0.68,-297.0,1,0,H,46.8,53.2,10,9,6,8,1.0,7.0,9.0,-2.0,1.8,2.8,1.6,0.6,-2.0,14.4,14.8,4.2,5.4,53.3,49.7
273,2022-23,Newcastle,Crystal Palace,626.0,420.0,1.49,206.0,2,0,H,59.4,40.6,13,9,7,1,1.0,10.0,4.0,6.0,1.6,1.0,0.8,2.4,2.2,13.8,8.4,4.6,1.4,53.6,42.6
274,2022-23,Newcastle,Everton,626.0,349.6,1.79,276.4,1,1,D,53.7,46.3,16,6,5,1,1.0,10.0,1.0,9.0,1.4,0.8,0.6,3.2,3.2,13.6,8.0,5.0,2.0,55.2,42.9
275,2022-23,Newcastle,Fulham,626.0,335.2,1.87,290.8,4,0,H,57.1,42.9,12,9,1,2,1.0,8.0,4.0,4.0,1.2,0.8,0.8,2.2,1.8,14.6,9.0,5.0,2.4,54.3,42.0
276,2022-23,Newcastle,Ipswich Town,626.0,206.0,3.04,420.0,3,1,H,56.1,43.9,19,8,6,3,1.0,11.0,1.0,10.0,2.0,0.2,0.6,2.2,3.4,13.6,7.0,4.2,1.6,55.2,39.4
277,2022-23,Newcastle,Leicester City,626.0,264.5,2.37,361.5,4,0,H,56.7,43.3,10,3,9,2,1.0,13.0,4.0,9.0,2.2,1.2,0.4,2.6,3.2,14.0,11.0,5.0,2.4,54.6,41.4
278,2022-23,Newcastle,Liverpool,626.0,923.0,0.68,-297.0,1,5,A,45.7,54.3,10,12,4,7,1.0,13.0,5.0,8.0,2.8,1.4,0.4,0.8,1.8,14.0,15.0,5.6,7.0,56.6,53.4
279,2022-23,Newcastle,Manchester City,626.0,1253.0,0.5,-627.0,1,3,A,49.4,50.6,11,18,5,7,1.0,10.0,15.0,-5.0,2.6,3.4,1.4,0.2,-2.0,13.4,21.0,5.0,9.6,53.9,63.0
280,2022-23,Newcastle,Manchester United,626.0,822.0,0.76,-196.0,3,0,H,48.6,51.4,16,8,2,5,1.0,9.0,13.0,-4.0,2.6,2.6,1.8,0.4,-1.4,12.4,18.0,5.0,8.4,53.0,56.2
281,2022-23,Newcastle,Nottingham Forest,626.0,370.5,1.69,255.5,3,1,H,50.9,49.1,14,11,6,7,1.0,9.0,4.0,5.0,2.4,0.8,1.8,2.2,2.0,13.2,7.2,5.2,1.2,51.3,42.6
282,2022-23,Newcastle,Southampton,626.0,247.0,2.53,379.0,4,1,H,54.5,45.5,12,10,5,0,1.0,9.0,5.0,4.0,2.4,1.2,1.8,2.8,2.2,12.2,7.2,5.2,1.4,50.3,41.6
283,2022-23,Newcastle,Tottenham,626.0,747.2,0.84,-121.2,3,1,H,51.9,48.1,14,8,3,6,1.0,9.0,1.0,8.0,2.4,0.4,2.0,3.2,3.2,12.6,12.2,4.4,4.0,49.8,51.2
284,2022-23,Newcastle,West Ham,626.0,476.8,1.31,149.2,2,1,H,52.4,47.6,14,9,3,5,1.0,12.0,4.0,8.0,2.8,1.2,1.2,2.8,3.2,13.4,8.6,4.2,3.0,51.1,43.8
285,2022-23,Newcastle,Wolves,626.0,346.0,1.81,280.0,0,0,D,54.5,45.5,15,9,6,0,1.0,15.0,3.0,12.0,3.0,0.4,0.8,1.2,3.0,14.0,8.4,3.8,2.2,51.7,42.8
286,2022-23,Nottingham Forest,Arsenal,370.5,1149.5,0.32,-779.0,0,1,A,40.3,59.7,9,24,2,8,1.0,4.0,11.0,-7.0,1.0,2.4,2.4,1.6,-2.2,7.4,17.6,2.0,6.4,42.7,52.1
287,2022-23,Nottingham Forest,Aston Villa,370.5,591.5,0.63,-221.0,0,2,A,45.0,55.0,13,25,7,2,1.0,3.0,3.0,0.0,0.6,1.4,2.2,2.8,-0.2,8.4,11.6,2.0,2.6,40.3,45.4
288,2022-23,Nottingham Forest,Bournemouth,370.5,365.5,1.01,5.0,2,0,H,56.1,43.9,6,11,1,2,1.0,0.0,0.0,0.0,0.4,0.2,2.6,2.4,-0.0,9.4,8.2,3.4,3.0,41.8,39.9
289,2022-23,Nottingham Forest,Brentford,370.5,390.5,0.95,-20.0,0,3,A,50.5,49.5,15,7,4,6,1.0,3.0,6.0,-3.0,0.8,0.6,1.6,1.2,-0.2,9.6,7.2,3.4,3.4,46.8,42.4
290,2022-23,Nottingham Forest,Brighton,370.5,500.0,0.74,-129.5,1,0,H,48.8,51.2,16,11,8,7,1.0,3.0,2.0,1.0,0.6,1.0,1.8,3.0,0.8,10.8,11.0,4.2,2.4,48.2,42.3
291,2022-23,Nottingham Forest,Chelsea,370.5,923.0,0.4,-552.5,1,2,A,41.8,58.2,11,11,2,6,1.0,6.0,6.0,0.0,0.6,1.6,1.2,0.8,-1.4,11.8,13.6,4.4,5.6,48.1,49.4
292,2022-23,Nottingham Forest,Crystal Palace,370.5,420.0,0.88,-49.5,2,0,H,48.7,51.3,9,10,6,3,1.0,6.0,1.0,5.0,0.8,0.4,1.4,2.8,1.8,12.2,8.0,4.4,1.0,48.4,40.5
293,2022-23,Nottingham Forest,Everton,370.5,349.6,1.06,20.9,4,3,H,53.0,47.0,11,8,3,1,1.0,9.0,1.0,8.0,1.2,1.0,1.0,3.4,2.6,11.4,7.2,4.2,1.8,49.2,42.2
294,2022-23,Nottingham Forest,Fulham,370.5,335.2,1.11,35.3,0,1,A,52.0,48.0,10,7,6,3,1.0,9.0,1.0,8.0,1.6,0.4,1.6,2.8,2.4,12.4,7.6,4.6,2.2,48.6,41.1
295,2022-23,Nottingham Forest,Ipswich Town,370.5,206.0,1.8,164.5,4,2,H,57.0,43.0,11,7,2,5,1.0,9.0,0.0,9.0,1.6,0.4,1.2,2.8,2.8,11.4,6.6,5.0,1.8,48.9,38.5
296,2022-23,Nottingham Forest,Leicester City,370.5,264.5,1.4,106.0,0,1,A,54.2,45.8,9,6,7,5,1.0,9.0,1.0,8.0,2.2,0.4,1.6,3.2,3.4,10.4,9.4,3.8,2.2,50.5,40.1
297,2022-23,Nottingham Forest,Liverpool,370.5,923.0,0.4,-552.5,0,1,A,48.3,51.7,12,22,4,11,1.0,9.0,5.0,4.0,2.0,1.4,1.4,1.0,0.2,10.0,14.2,4.8,6.4,53.0,53.9
298,2022-23,Nottingham Forest,Manchester City,370.5,1253.0,0.3,-882.5,0,2,A,38.3,61.7,15,16,1,6,1.0,6.0,15.0,-9.0,1.6,2.8,1.6,0.4,-2.4,10.6,20.2,4.4,9.0,52.9,59.7
299,2022-23,Nottingham Forest,Manchester United,370.5,822.0,0.45,-451.5,2,2,D,48.1,51.9,13,15,5,9,1.0,3.0,10.0,-7.0,0.8,2.2,1.4,0.8,-2.0,11.4,16.6,4.0,7.8,50.0,55.2
300,2022-23,Nottingham Forest,Newcastle,370.5,626.0,0.59,-255.5,0,3,A,48.9,51.1,13,9,6,5,1.0,4.0,13.0,-9.0,1.2,2.4,1.6,0.8,-2.0,12.0,13.8,3.8,4.6,49.2,52.8
301,2022-23,Nottingham Forest,Southampton,370.5,247.0,1.5,123.5,1,0,H,50.7,49.3,14,7,5,3,1.0,1.0,2.0,-1.0,0.4,1.0,1.8,3.6,1.2,12.4,7.2,4.6,1.0,47.6,40.6
302,2022-23,Nottingham Forest,Tottenham,370.5,747.2,0.5,-376.7,2,0,H,46.1,53.9,14,15,2,4,1.0,4.0,1.0,3.0,0.6,0.2,1.6,3.2,2.0,13.4,11.2,4.2,4.2,46.9,49.0
303,2022-23,Nottingham Forest,West Ham,370.5,476.8,0.78,-106.3,3,3,D,49.0,51.0,12,11,9,4,1.0,7.0,3.0,4.0,1.0,1.0,1.4,2.8,1.4,13.8,9.2,3.8,2.8,46.4,43.2
304,2022-23,Nottingham Forest,Wolves,370.5,346.0,1.07,24.5,1,1,D,54.5,45.5,9,8,3,2,1.0,8.0,3.0,5.0,1.6,0.4,1.6,1.2,0.8,13.2,8.4,5.4,1.2,48.6,41.6
305,2022-23,Southampton,Arsenal,247.0,1149.5,0.21,-902.5,0,3,A,37.0,63.0,8,17,1,8,1.0,1.0,13.0,-12.0,0.4,2.4,3.2,1.4,-3.8,8.0,16.8,1.0,6.8,40.0,52.8
306,2022-23,Southampton,Aston Villa,247.0,591.5,0.42,-344.5,2,2,D,49.7,50.3,4,15,2,4,1.0,1.0,3.0,-2.0,0.4,1.2,3.0,2.6,-1.2,8.2,14.6,1.2,2.8,40.5,46.4
307,2022-23,Southampton,Bournemouth,247.0,365.5,0.68,-118.5,1,0,H,49.7,50.3,15,12,4,2,1.0,2.0,0.0,2.0,0.8,0.0,2.2,2.4,1.0,7.8,8.2,1.6,3.2,43.9,39.8
308,2022-23,Southampton,Brentford,247.0,390.5,0.63,-143.5,1,1,D,52.2,47.8,10,13,2,2,1.0,4.0,6.0,-2.0,0.8,1.0,2.0,1.2,-1.0,8.8,7.4,2.0,4.2,46.2,42.4
309,2022-23,Southampton,Brighton,247.0,500.0,0.49,-253.0,2,4,A,48.8,51.2,11,8,6,6,1.0,5.0,1.0,4.0,0.8,0.8,1.4,3.0,1.6,8.8,10.8,2.4,3.6,47.6,42.9
310,2022-23,Southampton,Chelsea,247.0,923.0,0.27,-676.0,0,2,A,41.2,58.8,7,13,2,5,1.0,5.0,6.0,-1.0,1.2,1.0,2.0,1.0,-0.8,9.6,12.2,3.0,5.2,47.5,49.4
311,2022-23,Southampton,Crystal Palace,247.0,420.0,0.59,-173.0,3,4,A,49.3,50.7,5,11,3,5,1.0,5.0,1.0,4.0,1.2,0.2,1.8,2.8,2.0,9.4,8.2,3.2,1.2,48.3,41.0
312,2022-23,Southampton,Everton,247.0,349.6,0.71,-102.6,0,2,A,49.7,50.3,10,10,8,1,1.0,4.0,1.0,3.0,1.4,1.2,2.2,3.6,1.6,9.6,5.8,3.4,1.4,48.2,42.0
313,2022-23,Southampton,Fulham,247.0,335.2,0.74,-88.2,0,4,A,44.3,55.7,13,12,1,2,1.0,1.0,4.0,-3.0,1.2,0.6,2.6,2.6,0.6,8.6,7.6,4.2,2.6,48.2,41.2
314,2022-23,Southampton,Ipswich Town,247.0,206.0,1.2,41.0,3,3,D,47.9,52.1,11,8,7,2,1.0,0.0,0.0,0.0,1.0,0.8,3.2,3.2,0.2,9.2,6.0,4.0,2.0,46.7,38.3
315,2022-23,Southampton,Leicester City,247.0,264.5,0.93,-17.5,2,0,H,51.7,48.3,12,12,4,3,1.0,1.0,3.0,-2.0,1.2,0.2,3.0,2.8,0.8,9.2,6.4,4.2,2.2,46.5,39.4
316,2022-23,Southampton,Liverpool,247.0,923.0,0.27,-676.0,1,2,A,38.1,61.9,12,13,1,10,1.0,4.0,8.0,-4.0,1.6,1.2,2.6,0.4,-1.8,10.2,16.0,4.6,6.4,48.6,52.1
317,2022-23,Southampton,Manchester City,247.0,1253.0,0.2,-1006.0,0,2,A,39.0,61.0,8,18,3,9,1.0,4.0,15.0,-11.0,1.2,2.6,2.2,0.4,-3.2,11.6,18.6,4.2,8.0,46.3,60.4
318,2022-23,Southampton,Manchester United,247.0,822.0,0.3,-575.0,4,5,A,42.9,57.1,13,25,3,6,1.0,4.0,10.0,-6.0,1.2,2.4,2.2,1.0,-2.4,11.2,14.4,3.2,8.4,44.2,53.2
319,2022-23,Southampton,Newcastle,247.0,626.0,0.39,-379.0,3,4,A,44.8,55.2,8,3,2,2,1.0,4.0,13.0,-9.0,2.0,2.4,2.4,0.6,-2.2,11.2,12.8,3.6,4.4,43.9,52.9
320,2022-23,Southampton,Nottingham Forest,247.0,370.5,0.67,-123.5,0,2,A,47.1,52.9,14,16,7,5,1.0,3.0,8.0,-5.0,2.0,1.4,2.6,1.4,-0.6,10.6,12.4,2.6,5.0,43.3,49.8
321,2022-23,Southampton,Tottenham,247.0,747.2,0.33,-500.2,4,1,H,46.5,53.5,13,14,1,7,1.0,0.0,0.0,0.0,1.6,0.2,3.0,3.6,2.0,11.0,12.0,3.2,3.6,42.4,48.3
322,2022-23,Southampton,West Ham,247.0,476.8,0.52,-229.8,1,1,D,51.4,48.6,12,9,2,4,1.0,3.0,4.0,-1.0,2.2,1.4,2.8,2.6,0.6,11.2,9.0,3.2,3.0,44.1,43.4
323,2022-23,Southampton,Wolves,247.0,346.0,0.71,-99.0,0,1,A,50.0,50.0,9,12,4,1,1.0,4.0,3.0,1.0,2.4,0.2,2.6,1.0,0.6,12.0,7.6,3.0,1.0,46.5,40.5
324,2022-23,Tottenham,Arsenal,747.2,1149.5,0.65,-402.3,0,4,A,47.2,52.8,10,17,8,7,1.0,0.0,15.0,-15.0,0.4,2.8,3.4,1.2,-4.6,11.0,17.4,4.6,7.4,49.4,55.8
325,2022-23,Tottenham,Aston Villa,747.2,591.5,1.26,155.7,2,0,H,53.5,46.5,17,8,7,5,1.0,0.0,4.0,-4.0,0.4,1.2,3.6,2.0,-2.4,11.6,15.6,5.4,3.4,50.4,47.6
326,2022-23,Tottenham,Bournemouth,747.2,365.5,2.04,381.7,3,2,H,58.0,42.0,21,9,10,0,1.0,3.0,0.0,3.0,0.8,0.0,2.6,2.2,0.4,12.8,9.2,6.4,2.6,51.2,42.0
327,2022-23,Tottenham,Brentford,747.2,390.5,1.91,356.7,3,0,H,52.9,47.1,17,9,3,3,1.0,6.0,7.0,-1.0,1.2,1.2,2.4,1.2,-1.2,15.4,8.2,7.2,3.6,53.2,44.3
328,2022-23,Tottenham,Brighton,747.2,500.0,1.49,247.2,2,1,H,53.1,46.9,18,9,10,3,1.0,9.0,4.0,5.0,1.8,1.4,2.0,2.6,1.0,15.8,10.8,7.0,4.0,53.0,44.6
329,2022-23,Tottenham,Chelsea,747.2,923.0,0.81,-175.8,1,2,A,48.6,51.4,16,11,4,11,1.0,12.0,8.0,4.0,2.0,1.2,1.4,0.8,0.2,16.6,12.8,7.6,5.4,52.9,52.4
330,2022-23,Tottenham,Crystal Palace,747.2,420.0,1.78,327.2,0,0,D,56.3,43.7,18,4,4,3,1.0,12.0,4.0,8.0,2.2,0.8,1.0,2.6,3.0,17.8,9.4,6.8,2.2,53.2,43.1
331,2022-23,Tottenham,Everton,747.2,349.6,2.14,397.6,4,1,H,58.5,41.5,17,11,7,4,1.0,10.0,4.0,6.0,1.8,1.4,1.0,2.6,2.0,18.0,6.8,6.2,1.4,53.8,44.2
332,2022-23,Tottenham,Fulham,747.2,335.2,2.23,412.0,1,0,H,57.2,42.8,16,3,9,2,1.0,10.0,7.0,3.0,2.0,1.4,0.8,2.0,1.8,17.2,8.8,5.6,2.0,53.9,44.2
333,2022-23,Tottenham,Ipswich Town,747.2,206.0,3.63,541.2,4,1,H,59.8,40.2,15,5,8,2,1.0,10.0,1.0,9.0,1.6,1.4,0.8,3.6,3.0,17.0,6.8,6.8,2.2,54.7,41.6
334,2022-23,Tottenham,Leicester City,747.2,264.5,2.82,482.7,1,0,H,53.4,46.6,12,9,8,2,1.0,10.0,3.0,7.0,2.0,0.2,0.8,2.8,3.8,16.4,6.6,6.4,2.6,56.1,41.9
335,2022-23,Tottenham,Liverpool,747.2,923.0,0.81,-175.8,0,1,A,48.4,51.6,16,14,6,3,1.0,13.0,10.0,3.0,2.0,1.6,0.4,0.6,0.6,15.6,15.2,7.2,7.4,57.0,52.5
336,2022-23,Tottenham,Manchester City,747.2,1253.0,0.6,-505.8,1,4,A,47.5,52.5,16,14,5,6,1.0,12.0,15.0,-3.0,2.0,2.4,0.6,0.4,-0.6,15.2,17.6,7.6,7.2,55.5,59.1
337,2022-23,Tottenham,Manchester United,747.2,822.0,0.91,-74.8,2,1,H,46.3,53.7,19,14,8,0,1.0,9.0,10.0,-1.0,1.4,2.4,1.2,1.8,-0.4,15.0,16.2,7.2,8.4,53.3,54.5
338,2022-23,Tottenham,Newcastle,747.2,626.0,1.19,121.2,1,1,D,52.5,47.5,12,11,7,4,1.0,9.0,13.0,-4.0,1.6,2.4,1.4,1.0,-1.2,15.6,11.0,7.0,3.8,51.1,53.0
339,2022-23,Tottenham,Nottingham Forest,747.2,370.5,2.02,376.7,5,0,H,55.0,45.0,14,7,10,3,1.0,7.0,11.0,-4.0,1.0,1.8,1.4,0.8,-1.4,15.0,13.0,6.8,4.8,49.6,50.6
340,2022-23,Tottenham,Southampton,747.2,247.0,3.03,500.2,5,0,H,56.5,43.5,15,6,3,4,1.0,7.0,4.0,3.0,1.8,1.6,1.4,1.8,0.6,15.4,11.2,7.2,3.2,49.9,48.0
341,2022-23,Tottenham,West Ham,747.2,476.8,1.57,270.4,6,0,H,55.0,45.0,18,15,3,5,1.0,10.0,2.0,8.0,2.8,1.0,1.2,2.4,3.0,15.2,9.2,6.6,3.4,51.6,45.2
342,2022-23,Tottenham,Wolves,747.2,346.0,2.16,401.2,3,0,H,59.1,40.9,8,10,2,2,1.0,13.0,5.0,8.0,3.8,0.4,0.4,1.0,4.0,15.6,8.4,6.2,1.2,53.1,42.5
343,2022-23,West Ham,Arsenal,476.8,1149.5,0.41,-672.7,0,1,A,42.6,57.4,13,16,2,9,1.0,2.0,15.0,-13.0,1.0,2.8,3.0,0.6,-4.2,11.0,17.2,4.0,8.2,47.7,57.4
344,2022-23,West Ham,Aston Villa,476.8,591.5,0.81,-114.7,2,0,H,49.5,50.5,11,12,2,1,1.0,2.0,4.0,-2.0,1.0,1.0,2.6,1.6,-1.0,11.4,15.8,4.0,4.0,47.0,48.6
345,2022-23,West Ham,Bournemouth,476.8,365.5,1.3,111.3,0,1,A,49.9,50.1,18,10,7,0,1.0,5.0,0.0,5.0,1.2,0.4,2.2,2.2,0.8,11.8,9.4,3.4,2.0,47.3,43.6
346,2022-23,West Ham,Brentford,476.8,390.5,1.22,86.3,1,0,H,56.1,43.9,14,12,6,3,1.0,4.0,7.0,-3.0,0.6,1.2,1.8,1.4,-1.0,13.2,9.2,4.0,3.4,47.1,46.4
347,2022-23,West Ham,Brighton,476.8,500.0,0.95,-23.2,3,1,H,53.6,46.4,18,9,3,6,1.0,6.0,4.0,2.0,0.6,1.6,1.6,2.0,-0.6,14.2,10.8,4.4,3.8,48.6,47.0
348,2022-23,West Ham,Chelsea,476.8,923.0,0.52,-446.2,0,1,A,43.0,57.0,11,18,5,1,1.0,9.0,10.0,-1.0,1.2,1.4,0.6,0.8,0.0,14.8,11.8,4.0,7.0,50.3,54.3
349,2022-23,West Ham,Crystal Palace,476.8,420.0,1.14,56.8,1,1,D,51.6,48.4,19,12,1,7,1.0,9.0,5.0,4.0,1.2,0.8,0.6,1.4,1.2,14.4,8.0,4.6,2.6,50.4,45.5
350,2022-23,West Ham,Everton,476.8,349.6,1.36,127.2,3,0,H,53.0,47.0,17,9,6,6,1.0,7.0,4.0,3.0,1.0,1.6,0.8,2.4,1.0,16.0,8.4,4.4,2.0,50.8,45.5
351,2022-23,West Ham,Fulham,476.8,335.2,1.42,141.6,0,2,A,54.4,45.6,16,10,6,2,1.0,10.0,7.0,3.0,1.6,1.4,0.6,1.4,1.0,15.8,8.4,4.2,1.8,51.5,46.3
352,2022-23,West Ham,Ipswich Town,476.8,206.0,2.31,270.8,0,1,A,54.5,45.5,8,4,6,3,1.0,7.0,1.0,6.0,1.4,1.6,1.0,3.6,2.4,16.2,6.6,4.2,2.6,51.1,42.7
353,2022-23,West Ham,Leicester City,476.8,264.5,1.8,212.3,0,0,D,56.3,43.7,15,11,4,4,1.0,4.0,3.0,1.0,0.8,0.2,1.0,1.8,1.4,14.2,7.2,4.8,2.8,51.3,44.1
354,2022-23,West Ham,Liverpool,476.8,923.0,0.52,-446.2,1,1,D,44.7,55.3,11,15,3,9,1.0,5.0,12.0,-7.0,0.8,1.8,0.8,0.6,-1.2,15.0,14.4,4.6,7.0,54.0,54.4
355,2022-23,West Ham,Manchester City,476.8,1253.0,0.38,-776.2,1,0,H,40.9,59.1,16,22,2,6,1.0,5.0,15.0,-10.0,0.8,2.8,0.8,0.6,-2.2,13.4,17.8,5.0,7.2,52.6,55.5
356,2022-23,West Ham,Manchester United,476.8,822.0,0.58,-345.2,1,4,A,47.7,52.3,12,16,2,6,1.0,5.0,7.0,-2.0,0.4,2.0,0.8,2.2,-0.2,13.2,16.4,4.2,6.0,50.2,54.5
357,2022-23,West Ham,Newcastle,476.8,626.0,0.76,-149.2,3,2,H,50.1,49.9,11,22,4,3,1.0,5.0,11.0,-6.0,0.6,2.0,1.2,1.0,-1.6,12.4,10.4,3.4,4.0,48.8,52.1
358,2022-23,West Ham,Nottingham Forest,476.8,370.5,1.29,106.3,1,2,A,60.6,39.4,21,8,7,3,1.0,8.0,8.0,0.0,1.2,1.6,1.4,1.8,0.0,13.0,11.6,3.0,4.4,47.9,49.5
359,2022-23,West Ham,Southampton,476.8,247.0,1.93,229.8,1,1,D,58.6,41.4,19,9,5,3,1.0,7.0,4.0,3.0,1.4,1.0,1.8,2.0,0.6,14.2,10.8,3.6,3.6,48.8,47.7
360,2022-23,West Ham,Tottenham,476.8,747.2,0.64,-270.4,1,1,D,50.2,49.8,9,12,5,4,1.0,7.0,13.0,-6.0,1.4,4.0,1.8,0.2,-4.2,15.8,13.4,4.0,5.0,51.6,55.6
361,2022-23,West Ham,Wolves,476.8,346.0,1.38,130.8,3,2,H,58.7,41.3,13,8,8,3,1.0,5.0,5.0,0.0,1.4,0.4,2.0,1.2,0.2,14.4,8.8,4.6,1.2,53.4,44.7
362,2022-23,Wolves,Arsenal,346.0,1149.5,0.3,-803.5,2,3,A,42.7,57.3,13,15,2,9,1.0,5.0,15.0,-10.0,0.8,2.6,1.4,0.4,-2.8,9.4,18.8,1.6,8.6,44.6,57.5
363,2022-23,Wolves,Aston Villa,346.0,591.5,0.58,-245.5,1,1,D,44.9,55.1,9,8,5,8,1.0,4.0,4.0,0.0,1.2,1.0,2.0,1.8,0.0,10.2,15.8,2.0,3.0,44.1,50.1
364,2022-23,Wolves,Bournemouth,346.0,365.5,0.95,-19.5,7,1,H,57.2,42.8,12,15,6,3,1.0,4.0,3.0,1.0,1.2,0.6,2.0,1.6,0.2,10.4,9.8,2.6,1.4,44.0,45.7
365,2022-23,Wolves,Brentford,346.0,390.5,0.89,-44.5,1,0,H,54.4,45.6,9,14,4,1,1.0,4.0,7.0,-3.0,2.4,1.0,2.2,1.0,0.2,10.4,9.8,3.6,2.8,45.4,47.1
366,2022-23,Wolves,Brighton,346.0,500.0,0.69,-154.0,2,0,H,51.2,48.8,4,14,4,5,1.0,7.0,4.0,3.0,2.6,1.6,1.6,2.0,1.4,10.2,10.6,4.0,5.0,48.1,47.3
367,2022-23,Wolves,Chelsea,346.0,923.0,0.37,-577.0,2,4,A,44.6,55.4,9,9,2,9,1.0,10.0,12.0,-2.0,2.6,1.4,1.0,0.6,0.8,9.4,12.4,4.2,6.2,50.1,55.7
368,2022-23,Wolves,Crystal Palace,346.0,420.0,0.82,-74.0,2,3,A,55.5,44.5,20,8,8,8,1.0,10.0,5.0,5.0,2.6,1.0,1.2,1.6,2.0,8.6,9.2,4.2,3.8,50.5,46.9
369,2022-23,Wolves,Everton,346.0,349.6,0.99,-3.6,1,2,A,53.9,46.1,11,11,7,4,1.0,9.0,4.0,5.0,2.8,1.4,1.6,2.4,2.2,10.8,8.8,4.8,2.6,52.6,46.4
370,2022-23,Wolves,Fulham,346.0,335.2,1.03,10.8,4,2,H,50.0,50.0,13,14,12,2,1.0,6.0,9.0,-3.0,1.6,1.4,1.8,1.0,-0.6,10.6,8.2,5.0,2.2,51.9,47.0
371,2022-23,Wolves,Ipswich Town,346.0,206.0,1.68,140.0,1,0,H,56.5,43.5,10,5,6,1,1.0,6.0,4.0,2.0,2.2,1.6,2.2,2.8,1.2,11.4,6.4,6.6,3.0,51.0,44.9
372,2022-23,Wolves,Leicester City,346.0,264.5,1.31,81.5,1,1,D,55.5,44.5,15,9,5,1,1.0,6.0,4.0,2.0,2.0,0.2,2.2,1.4,1.0,12.6,8.2,7.0,3.2,52.1,45.5
373,2022-23,Wolves,Liverpool,346.0,923.0,0.37,-577.0,0,3,A,41.0,59.0,11,20,4,4,1.0,7.0,13.0,-6.0,1.8,2.0,1.6,0.6,-1.2,13.8,15.2,7.6,8.0,54.3,55.0
374,2022-23,Wolves,Manchester City,346.0,1253.0,0.28,-907.0,0,3,A,43.2,56.8,10,18,3,8,1.0,7.0,12.0,-5.0,1.4,2.2,1.6,0.6,-1.8,12.0,17.6,6.8,6.8,51.4,57.0
375,2022-23,Wolves,Manchester United,346.0,822.0,0.42,-476.0,1,5,A,43.4,56.6,14,19,2,5,1.0,7.0,7.0,0.0,1.2,2.4,1.8,2.4,-0.6,11.8,15.6,6.0,5.2,49.2,53.3
376,2022-23,Wolves,Newcastle,346.0,626.0,0.55,-280.0,2,2,D,47.3,52.7,15,13,4,4,1.0,4.0,8.0,-4.0,0.6,2.0,2.4,1.4,-2.4,12.0,12.0,4.0,4.0,47.9,51.6
377,2022-23,Wolves,Nottingham Forest,346.0,370.5,0.93,-24.5,0,1,A,53.5,46.5,13,12,5,3,1.0,2.0,8.0,-6.0,0.8,1.6,2.8,2.0,-1.6,13.0,10.4,3.6,4.6,46.1,48.2
378,2022-23,Wolves,Southampton,346.0,247.0,1.4,99.0,2,0,H,53.9,46.1,15,8,4,3,1.0,1.0,5.0,-4.0,0.6,1.2,2.8,1.8,-1.6,12.6,9.8,3.6,2.8,45.7,46.6
379,2022-23,Wolves,Tottenham,346.0,747.2,0.46,-401.2,0,2,A,50.4,49.6,11,6,3,4,1.0,4.0,13.0,-9.0,1.0,4.0,2.2,0.2,-5.0,13.4,13.4,3.6,4.4,48.3,55.1
380,2022-23,Wolves,West Ham,346.0,476.8,0.73,-130.8,0,2,A,49.9,50.1,13,10,3,4,1.0,4.0,8.0,-4.0,1.0,1.8,2.0,1.6,-1.2,13.6,14.6,3.6,5.8,49.7,55.6
381,2023-24,Arsenal,Aston Villa,1149.5,591.5,1.94,558.0,4,0,H,58.4,41.6,24,10,6,1,1.0,15.0,5.0,10.0,2.4,1.0,0.4,1.4,2.4,17.8,13.6,8.2,4.0,58.0,51.5
382,2023-24,Arsenal,Bournemouth,1149.5,365.5,3.15,784.0,1,1,D,62.1,37.9,19,8,14,2,1.0,15.0,3.0,12.0,3.0,0.8,0.4,2.6,4.4,17.8,11.4,7.8,1.4,57.8,45.8
383,2023-24,Arsenal,Brentford,1149.5,390.5,2.94,759.0,7,0,H,60.4,39.6,21,9,12,2,1.0,13.0,4.0,9.0,2.6,0.8,0.6,1.2,2.4,18.2,11.0,9.0,3.0,57.6,46.8
384,2023-24,Arsenal,Brighton,1149.5,500.0,2.3,649.5,6,2,H,60.2,39.8,18,4,10,2,1.0,13.0,3.0,10.0,3.2,1.2,0.6,2.0,3.4,19.0,10.2,10.0,5.4,59.1,48.9
385,2023-24,Arsenal,Chelsea,1149.5,923.0,1.25,226.5,3,0,H,56.4,43.6,17,8,12,7,1.0,13.0,15.0,-2.0,4.2,2.2,1.0,0.8,1.8,19.4,12.4,10.2,6.4,59.7,56.2
386,2023-24,Arsenal,Crystal Palace,1149.5,420.0,2.74,729.5,2,1,H,64.0,36.0,17,7,7,3,1.0,13.0,8.0,5.0,4.2,1.6,0.6,1.6,3.6,19.8,9.0,10.8,5.2,59.5,47.7
387,2023-24,Arsenal,Everton,1149.5,349.6,3.29,799.9,3,0,H,64.6,35.4,30,7,10,3,1.0,13.0,6.0,7.0,3.8,1.6,0.8,2.4,3.8,18.4,9.8,11.0,3.2,60.6,46.4
388,2023-24,Arsenal,Fulham,1149.5,335.2,3.43,814.3,9,0,H,63.9,36.1,22,6,8,2,1.0,15.0,9.0,6.0,4.2,1.8,0.6,1.0,2.8,20.6,9.2,10.2,2.2,61.1,48.4
389,2023-24,Arsenal,Ipswich Town,1149.5,206.0,5.58,943.5,0,0,D,67.0,33.0,23,6,13,1,1.0,15.0,4.0,11.0,4.6,1.4,0.6,2.4,5.0,20.8,5.8,9.4,2.6,61.8,44.9
390,2023-24,Arsenal,Leicester City,1149.5,264.5,4.35,885.0,3,0,H,67.7,32.3,16,10,12,0,1.0,13.0,5.0,8.0,3.4,0.4,0.2,0.8,3.6,21.8,9.4,10.0,3.0,63.2,45.8
391,2023-24,Arsenal,Liverpool,1149.5,923.0,1.25,226.5,1,0,H,57.5,42.5,15,22,10,1,1.0,13.0,13.0,0.0,3.4,1.6,0.2,0.4,2.0,21.6,16.8,10.0,7.4,65.4,55.9
392,2023-24,Arsenal,Manchester City,1149.5,1253.0,0.92,-103.5,0,1,A,48.9,51.1,17,25,7,7,1.0,13.0,12.0,1.0,3.2,2.2,0.0,0.4,1.4,21.2,17.6,10.6,7.0,64.1,58.2
393,2023-24,Arsenal,Manchester United,1149.5,822.0,1.4,327.5,1,1,D,56.6,43.4,14,9,9,3,1.0,10.0,10.0,0.0,2.6,3.4,0.2,2.0,1.0,18.6,17.8,10.0,5.2,61.0,54.3
394,2023-24,Arsenal,Newcastle,1149.5,626.0,1.84,523.5,2,2,D,56.1,43.9,23,16,7,3,1.0,8.0,8.0,0.0,1.0,2.4,0.4,1.8,0.0,17.0,11.6,10.2,3.6,59.5,51.3
395,2023-24,Arsenal,Nottingham Forest,1149.5,370.5,3.1,779.0,5,0,H,63.2,36.8,27,7,7,2,1.0,8.0,10.0,-2.0,1.4,1.2,0.8,1.4,0.8,17.0,10.4,9.0,3.4,57.4,47.7
396,2023-24,Arsenal,Southampton,1149.5,247.0,4.65,902.5,1,0,H,65.6,34.4,16,10,8,0,1.0,8.0,2.0,6.0,1.8,0.4,0.8,2.0,2.6,19.2,8.8,8.0,3.2,56.5,46.5
397,2023-24,Arsenal,Tottenham,1149.5,747.2,1.54,402.3,1,0,H,57.7,42.3,21,13,5,6,1.0,8.0,13.0,-5.0,1.8,3.4,0.8,0.2,-2.2,19.4,11.8,7.6,3.2,58.1,54.0
398,2023-24,Arsenal,West Ham,1149.5,476.8,2.41,672.7,3,0,H,64.9,35.1,18,9,11,0,1.0,11.0,8.0,3.0,2.0,1.6,0.6,1.2,1.0,20.2,14.4,7.2,5.8,59.8,55.6
399,2023-24,Arsenal,Wolves,1149.5,346.0,3.32,803.5,4,0,H,65.0,35.0,12,8,12,1,1.0,13.0,4.0,9.0,2.4,0.8,0.4,1.4,2.6,21.0,13.4,7.6,3.8,61.5,51.0
400,2023-24,Aston Villa,Arsenal,591.5,1149.5,0.51,-558.0,2,3,A,46.1,53.9,11,22,2,5,1.0,2.0,15.0,-13.0,0.6,2.8,2.2,0.0,-4.4,10.6,18.8,3.8,8.6,48.8,63.3
401,2023-24,Aston Villa,Bournemouth,591.5,365.5,1.62,226.0,2,2,D,56.8,43.2,17,11,7,2,1.0,1.0,4.0,-3.0,0.6,1.0,2.4,2.4,-0.4,9.8,10.8,3.4,1.4,48.0,44.6
402,2023-24,Aston Villa,Brentford,591.5,390.5,1.51,201.0,2,1,H,54.3,45.7,18,5,2,3,1.0,2.0,1.0,1.0,1.0,0.2,2.4,2.6,1.0,11.6,11.4,3.8,2.2,50.0,44.8
403,2023-24,Aston Villa,Brighton,591.5,500.0,1.18,91.5,1,2,A,54.2,45.8,18,13,3,3,1.0,5.0,3.0,2.0,1.4,1.6,2.2,3.0,0.6,12.8,8.8,4.0,4.4,50.8,46.6
404,2023-24,Aston Villa,Chelsea,591.5,923.0,0.64,-331.5,2,5,A,48.1,51.9,13,17,4,5,1.0,4.0,12.0,-8.0,1.4,1.8,2.4,1.2,-1.6,14.8,11.8,3.0,6.6,50.6,53.2
405,2023-24,Aston Villa,Crystal Palace,591.5,420.0,1.41,171.5,2,0,H,52.7,47.3,16,11,8,3,1.0,4.0,8.0,-4.0,1.8,1.8,2.6,1.6,-1.0,15.4,8.4,3.6,5.2,51.9,44.7
406,2023-24,Aston Villa,Everton,591.5,349.6,1.69,241.9,1,0,H,54.7,45.3,20,8,8,4,1.0,7.0,6.0,1.0,1.8,1.0,2.0,2.2,1.0,16.4,9.6,4.8,3.6,53.2,44.1
407,2023-24,Aston Villa,Fulham,591.5,335.2,1.76,256.3,3,0,H,59.6,40.4,15,6,1,0,1.0,9.0,6.0,3.0,1.6,1.6,1.6,2.8,1.2,17.0,9.0,5.0,2.0,52.8,46.0
408,2023-24,Aston Villa,Ipswich Town,591.5,206.0,2.87,385.5,2,0,H,56.9,43.1,16,12,6,1,1.0,9.0,5.0,4.0,1.8,1.0,1.4,1.6,1.0,16.4,5.6,4.8,1.8,53.9,42.9
409,2023-24,Aston Villa,Leicester City,591.5,264.5,2.24,327.0,2,1,H,56.0,44.0,12,12,6,2,1.0,12.0,2.0,10.0,2.0,0.2,1.0,1.4,2.2,16.0,10.2,5.4,2.0,54.4,43.1
410,2023-24,Aston Villa,Liverpool,591.5,923.0,0.64,-331.5,2,4,A,48.3,51.7,15,9,4,5,1.0,15.0,10.0,5.0,2.0,1.4,0.2,0.6,1.0,15.8,16.8,5.8,5.4,56.0,54.1
411,2023-24,Aston Villa,Manchester City,591.5,1253.0,0.47,-661.5,2,7,A,41.7,58.3,6,15,2,4,1.0,12.0,12.0,0.0,2.0,2.0,1.0,0.4,-0.6,15.6,19.4,5.0,7.2,55.1,56.1
412,2023-24,Aston Villa,Manchester United,591.5,822.0,0.72,-230.5,0,0,D,50.8,49.2,12,13,2,10,1.0,9.0,10.0,-1.0,2.2,3.2,2.4,1.8,-1.6,12.8,16.6,3.8,4.0,52.5,52.6
413,2023-24,Aston Villa,Newcastle,591.5,626.0,0.94,-34.5,1,1,D,51.1,48.9,10,11,3,8,1.0,7.0,6.0,1.0,1.6,2.2,2.4,2.2,-0.8,12.2,13.0,4.0,3.2,50.7,49.8
414,2023-24,Aston Villa,Nottingham Forest,591.5,370.5,1.6,221.0,8,0,H,55.0,45.0,15,8,6,1,1.0,5.0,9.0,-4.0,1.4,1.0,2.6,2.2,0.0,11.0,10.0,3.4,3.2,49.6,44.1
415,2023-24,Aston Villa,Southampton,591.5,247.0,2.39,344.5,1,0,H,58.3,41.7,13,11,5,0,1.0,5.0,1.0,4.0,2.6,0.2,2.4,2.0,2.0,11.6,8.4,3.4,2.8,49.4,43.1
416,2023-24,Aston Villa,Tottenham,591.5,747.2,0.79,-155.7,3,3,D,45.6,54.4,13,16,7,7,1.0,8.0,10.0,-2.0,2.4,2.4,1.6,0.4,-1.2,11.2,11.4,3.6,3.8,51.4,51.2
417,2023-24,Aston Villa,West Ham,591.5,476.8,1.24,114.7,4,0,H,54.6,45.4,15,16,6,5,1.0,9.0,8.0,1.0,2.6,1.4,0.8,1.4,1.8,12.6,12.0,4.6,4.4,52.2,50.5
418,2023-24,Aston Villa,Wolves,591.5,346.0,1.71,245.5,1,0,H,59.7,40.3,8,9,8,4,1.0,11.0,3.0,8.0,3.4,0.4,0.8,1.8,4.0,13.2,12.0,5.4,3.2,52.9,48.5
419,2023-24,Bournemouth,Arsenal,365.5,1149.5,0.32,-784.0,0,2,A,44.9,55.1,14,12,3,7,1.0,5.0,15.0,-10.0,1.4,2.4,2.6,0.4,-3.2,10.6,17.8,1.4,8.2,43.2,61.4
420,2023-24,Bournemouth,Aston Villa,365.5,591.5,0.62,-226.0,1,2,A,45.4,54.6,10,11,6,3,1.0,5.0,13.0,-8.0,1.0,3.4,2.4,0.6,-4.2,11.6,12.8,2.0,6.4,43.8,54.6
421,2023-24,Bournemouth,Brentford,365.5,390.5,0.94,-25.0,2,0,H,52.5,47.5,11,12,6,3,1.0,2.0,0.0,2.0,1.0,0.2,2.8,2.8,0.8,11.6,9.8,3.2,2.4,42.8,44.4
422,2023-24,Bournemouth,Brighton,365.5,500.0,0.73,-134.5,2,1,H,47.7,52.3,13,8,7,2,1.0,5.0,3.0,2.0,1.2,1.2,1.4,2.8,1.4,10.8,9.8,3.8,3.8,44.8,45.5
423,2023-24,Bournemouth,Chelsea,365.5,923.0,0.4,-557.5,1,1,D,40.3,59.7,6,10,3,2,1.0,7.0,12.0,-5.0,1.4,2.4,1.4,1.6,-0.8,11.8,12.6,4.8,6.6,46.7,51.9
424,2023-24,Bournemouth,Crystal Palace,365.5,420.0,0.87,-54.5,4,1,H,51.9,48.1,13,13,3,3,1.0,7.0,5.0,2.0,1.2,1.0,1.2,1.4,0.4,10.8,8.4,5.0,4.8,46.2,44.0
425,2023-24,Bournemouth,Everton,365.5,349.6,1.05,15.9,1,3,A,53.4,46.6,9,5,6,2,1.0,10.0,3.0,7.0,2.0,0.6,1.0,2.4,2.8,10.6,9.2,5.0,4.2,47.6,43.1
426,2023-24,Bournemouth,Fulham,365.5,335.2,1.09,30.3,3,2,H,54.5,45.5,15,7,5,4,1.0,10.0,3.0,7.0,2.0,0.8,1.2,3.4,3.4,10.4,7.8,5.0,1.6,49.2,43.0
427,2023-24,Bournemouth,Ipswich Town,365.5,206.0,1.77,159.5,3,0,H,58.4,41.6,9,7,5,3,1.0,10.0,4.0,6.0,2.2,0.4,1.6,1.4,1.6,11.2,6.4,4.8,1.6,49.6,41.1
428,2023-24,Bournemouth,Leicester City,365.5,264.5,1.38,101.0,2,1,H,53.4,46.6,17,8,7,3,1.0,10.0,2.0,8.0,2.4,0.4,1.4,1.4,2.0,10.4,10.2,4.4,1.8,51.7,42.2
429,2023-24,Bournemouth,Liverpool,365.5,923.0,0.4,-557.5,4,1,H,40.7,59.3,13,14,2,8,1.0,12.0,10.0,2.0,2.6,1.8,1.4,0.8,0.2,12.6,16.0,5.2,4.4,54.3,52.0
430,2023-24,Bournemouth,Manchester City,365.5,1253.0,0.29,-887.5,1,3,A,37.6,62.4,12,17,4,4,1.0,12.0,12.0,0.0,2.6,3.0,1.4,0.8,-1.0,12.6,18.8,5.0,6.2,52.1,55.6
431,2023-24,Bournemouth,Manchester United,365.5,822.0,0.44,-456.5,1,2,A,45.6,54.4,10,12,2,7,1.0,12.0,8.0,4.0,2.6,2.2,1.4,1.0,0.0,13.2,14.2,4.6,4.8,48.9,51.0
432,2023-24,Bournemouth,Newcastle,365.5,626.0,0.58,-260.5,0,2,A,46.9,53.1,8,6,4,6,1.0,9.0,4.0,5.0,2.2,1.6,1.4,1.8,1.0,12.2,14.6,4.0,4.4,47.1,48.6
433,2023-24,Bournemouth,Nottingham Forest,365.5,370.5,0.99,-5.0,4,1,H,56.1,43.9,12,11,3,1,1.0,6.0,6.0,0.0,1.6,0.6,1.8,3.8,3.0,12.0,8.4,3.8,2.4,44.8,42.5
434,2023-24,Bournemouth,Southampton,365.5,247.0,1.48,118.5,1,0,H,52.9,47.1,8,7,4,2,1.0,6.0,1.0,5.0,2.0,0.2,1.8,2.0,2.0,11.0,8.8,3.0,2.0,45.4,41.4
435,2023-24,Bournemouth,Tottenham,365.5,747.2,0.49,-381.7,2,4,A,48.7,51.3,10,16,4,3,1.0,6.0,8.0,-2.0,1.4,1.8,1.6,1.0,-1.0,10.0,11.0,3.4,4.6,47.8,51.0
436,2023-24,Bournemouth,West Ham,365.5,476.8,0.77,-111.3,0,4,A,53.0,47.0,9,12,2,5,1.0,6.0,7.0,-1.0,1.6,1.2,1.8,2.0,0.6,9.6,11.4,3.4,4.4,50.0,47.9
437,2023-24,Bournemouth,Wolves,365.5,346.0,1.06,19.5,2,3,A,54.0,46.0,14,9,4,1,1.0,6.0,3.0,3.0,1.4,0.4,2.2,1.8,0.6,9.4,11.2,3.4,3.0,51.5,45.9
438,2023-24,Brentford,Arsenal,390.5,1149.5,0.34,-759.0,2,5,A,43.5,56.5,9,14,1,11,1.0,0.0,15.0,-15.0,0.2,2.6,2.6,0.4,-4.6,10.4,17.0,2.4,8.0,44.5,59.3
439,2023-24,Brentford,Aston Villa,390.5,591.5,0.66,-201.0,1,2,A,51.7,48.3,15,9,6,7,1.0,0.0,13.0,-13.0,0.6,2.2,3.4,0.8,-4.2,9.8,12.0,2.0,5.8,44.4,54.6
440,2023-24,Brentford,Bournemouth,390.5,365.5,1.07,25.0,2,1,H,52.7,47.3,16,6,3,4,1.0,0.0,6.0,-6.0,0.8,1.8,3.6,2.4,-2.2,10.0,10.6,3.0,3.4,45.6,52.9
441,2023-24,Brentford,Brighton,390.5,500.0,0.78,-109.5,1,2,A,50.4,49.6,9,17,5,2,1.0,3.0,3.0,0.0,1.2,1.2,2.4,2.8,0.4,11.4,9.6,3.2,3.6,48.2,46.6
442,2023-24,Brentford,Chelsea,390.5,923.0,0.42,-532.5,0,1,A,44.7,55.3,12,14,2,10,1.0,3.0,10.0,-7.0,1.2,2.2,2.4,1.6,-1.8,12.2,12.4,3.6,4.8,49.2,53.5
443,2023-24,Brentford,Crystal Palace,390.5,420.0,0.93,-29.5,1,0,H,52.2,47.8,12,15,3,4,1.0,3.0,4.0,-1.0,1.2,1.2,2.2,2.2,0.0,12.2,10.2,3.4,4.8,48.6,44.9
444,2023-24,Brentford,Everton,390.5,349.6,1.12,40.9,3,1,H,52.8,47.2,15,9,1,3,1.0,6.0,6.0,0.0,1.0,1.0,1.2,1.8,0.6,12.8,8.0,3.8,3.8,50.3,44.1
445,2023-24,Brentford,Fulham,390.5,335.2,1.16,55.3,1,2,A,51.1,48.9,11,11,4,3,1.0,9.0,3.0,6.0,1.4,1.2,1.0,3.8,3.0,12.8,8.6,2.8,2.0,50.6,43.5
446,2023-24,Brentford,Ipswich Town,390.5,206.0,1.9,184.5,2,0,H,56.0,44.0,10,12,8,1,1.0,6.0,4.0,2.0,1.2,0.2,1.2,1.2,1.0,11.8,6.8,3.0,1.8,50.2,41.3
447,2023-24,Brentford,Leicester City,390.5,264.5,1.48,126.0,3,1,H,54.2,45.8,8,5,8,3,1.0,9.0,2.0,7.0,1.4,0.6,0.8,1.6,1.6,12.0,10.0,3.6,2.0,51.4,42.2
448,2023-24,Brentford,Liverpool,390.5,923.0,0.42,-532.5,0,3,A,45.0,55.0,10,17,6,3,1.0,12.0,7.0,5.0,2.0,1.8,0.8,1.6,1.0,11.2,16.0,4.8,5.4,53.3,53.6
449,2023-24,Brentford,Manchester City,390.5,1253.0,0.31,-862.5,0,3,A,43.2,56.8,8,15,3,8,1.0,9.0,12.0,-3.0,1.8,2.8,1.4,0.8,-1.6,10.8,19.4,5.4,5.8,51.8,57.5
450,2023-24,Brentford,Manchester United,390.5,822.0,0.48,-431.5,0,1,A,44.5,55.5,17,15,5,2,1.0,6.0,11.0,-5.0,1.2,2.4,1.8,0.8,-2.2,9.4,13.8,5.8,6.2,49.9,51.2
451,2023-24,Brentford,Newcastle,390.5,626.0,0.62,-235.5,0,3,A,49.9,50.1,13,14,8,1,1.0,6.0,6.0,0.0,1.0,1.8,1.6,1.6,-0.8,10.6,13.6,6.0,4.8,48.6,49.7
452,2023-24,Brentford,Nottingham Forest,390.5,370.5,1.05,20.0,1,1,D,50.9,49.1,13,16,2,4,1.0,3.0,6.0,-3.0,0.6,0.8,2.2,3.6,1.2,11.2,9.2,6.0,2.0,47.4,42.3
453,2023-24,Brentford,Southampton,390.5,247.0,1.58,143.5,4,1,H,55.0,45.0,21,9,5,1,1.0,1.0,1.0,0.0,0.2,0.2,2.2,1.2,-1.0,12.2,9.0,4.8,1.6,46.7,42.1
454,2023-24,Brentford,Tottenham,390.5,747.2,0.52,-356.7,0,1,A,42.5,57.5,14,15,4,4,1.0,4.0,8.0,-4.0,1.0,2.0,1.8,1.4,-1.4,14.4,12.6,4.6,4.8,48.7,49.5
455,2023-24,Brentford,West Ham,390.5,476.8,0.82,-86.3,1,0,H,51.5,48.5,7,7,4,4,1.0,4.0,9.0,-5.0,1.0,1.8,1.4,1.8,-0.4,15.6,12.0,4.8,4.4,48.6,47.3
456,2023-24,Brentford,Wolves,390.5,346.0,1.13,44.5,0,3,A,52.6,47.4,16,3,2,2,1.0,7.0,3.0,4.0,1.2,0.6,1.2,2.2,1.6,13.6,10.0,4.6,2.4,50.0,44.3
457,2023-24,Brighton,Arsenal,500.0,1149.5,0.43,-649.5,1,1,D,40.2,59.8,11,18,5,3,1.0,6.0,15.0,-9.0,1.4,3.4,2.4,0.8,-3.6,11.2,15.6,2.8,9.2,47.3,59.1
458,2023-24,Brighton,Aston Villa,500.0,591.5,0.85,-91.5,2,5,A,51.0,49.0,14,12,1,7,1.0,7.0,13.0,-6.0,1.6,2.4,2.2,1.0,-2.0,10.6,11.2,2.8,6.2,45.5,52.6
459,2023-24,Brighton,Bournemouth,500.0,365.5,1.37,134.5,1,1,D,49.6,50.4,12,9,5,4,1.0,7.0,3.0,4.0,1.6,1.2,2.0,2.6,1.0,12.6,9.4,2.6,3.6,47.8,51.2
460,2023-24,Brighton,Brentford,500.0,390.5,1.28,109.5,3,1,H,52.1,47.9,16,6,7,4,1.0,5.0,7.0,-2.0,1.4,1.2,2.0,1.2,-0.6,12.4,14.2,3.0,3.4,48.5,50.5
461,2023-24,Brighton,Chelsea,500.0,923.0,0.54,-423.0,1,2,A,47.5,52.5,5,12,5,2,1.0,8.0,10.0,-2.0,1.8,2.2,1.8,1.6,-0.6,14.0,11.6,4.0,6.6,48.5,53.2
462,2023-24,Brighton,Crystal Palace,500.0,420.0,1.19,80.0,3,1,H,51.9,48.1,14,12,8,4,1.0,5.0,3.0,2.0,1.6,1.0,2.0,2.2,0.8,11.6,10.8,4.6,4.2,48.1,44.7
463,2023-24,Brighton,Everton,500.0,349.6,1.43,150.4,4,0,H,57.3,42.7,5,11,5,2,1.0,7.0,6.0,1.0,2.0,1.2,2.0,1.8,0.6,12.2,8.0,5.2,3.2,50.4,44.1
464,2023-24,Brighton,Fulham,500.0,335.2,1.49,164.8,1,3,A,51.1,48.9,13,11,3,2,1.0,10.0,3.0,7.0,2.4,1.2,1.0,4.0,4.2,10.4,8.8,6.0,2.2,51.7,44.2
465,2023-24,Brighton,Ipswich Town,500.0,206.0,2.43,294.0,1,0,H,55.5,44.5,12,6,6,3,1.0,9.0,1.0,8.0,2.4,0.0,1.4,1.6,2.6,10.6,8.4,5.6,1.4,52.0,41.0
466,2023-24,Brighton,Leicester City,500.0,264.5,1.89,235.5,2,0,H,56.8,43.2,9,14,7,1,1.0,9.0,1.0,8.0,2.0,0.8,1.2,2.2,2.2,9.8,8.8,5.4,1.8,52.7,42.6
467,2023-24,Brighton,Liverpool,500.0,923.0,0.54,-423.0,2,2,D,43.5,56.5,13,13,1,4,1.0,12.0,9.0,3.0,2.2,2.2,0.8,1.4,0.6,10.6,16.4,5.8,4.2,54.5,53.5
468,2023-24,Brighton,Manchester City,500.0,1253.0,0.4,-753.0,2,2,D,42.4,57.6,14,15,3,5,1.0,10.0,15.0,-5.0,2.0,3.4,1.0,0.6,-1.8,10.4,18.0,4.4,6.2,52.8,57.1
469,2023-24,Brighton,Manchester United,500.0,822.0,0.61,-322.0,2,3,A,43.9,56.1,18,11,5,5,1.0,8.0,11.0,-3.0,1.6,1.8,1.4,0.6,-1.0,12.2,13.6,4.0,5.4,49.9,51.8
470,2023-24,Brighton,Newcastle,500.0,626.0,0.8,-126.0,1,2,A,46.1,53.9,12,9,5,4,1.0,8.0,9.0,-1.0,1.8,2.0,1.4,1.0,-0.6,13.2,12.0,4.4,4.4,48.4,49.7
471,2023-24,Brighton,Nottingham Forest,500.0,370.5,1.35,129.5,1,1,D,49.1,50.9,13,10,4,2,1.0,5.0,4.0,1.0,1.8,0.6,1.8,3.6,3.0,13.2,10.8,4.2,2.2,46.5,44.3
472,2023-24,Brighton,Southampton,500.0,247.0,2.02,253.0,4,0,H,52.4,47.6,10,4,6,2,1.0,3.0,0.0,3.0,1.6,0.2,2.0,1.8,1.2,14.0,9.0,3.6,1.2,45.0,42.9
473,2023-24,Brighton,Tottenham,500.0,747.2,0.67,-247.2,0,1,A,49.8,50.2,12,13,4,10,1.0,5.0,10.0,-5.0,2.0,2.0,1.6,1.2,-0.4,13.4,13.2,4.6,4.8,46.8,51.0
474,2023-24,Brighton,West Ham,500.0,476.8,1.05,23.2,4,1,H,56.8,43.2,14,9,4,6,1.0,4.0,6.0,-2.0,1.6,1.2,1.4,1.6,0.6,13.0,10.8,4.8,3.6,48.3,45.2
475,2023-24,Brighton,Wolves,500.0,346.0,1.45,154.0,2,4,A,55.4,44.6,17,6,6,2,1.0,7.0,6.0,1.0,2.0,1.2,1.0,1.8,1.6,12.2,8.4,4.6,2.2,50.8,43.7
476,2023-24,Chelsea,Arsenal,923.0,1149.5,0.8,-226.5,1,0,H,48.6,51.4,11,19,4,10,1.0,10.0,13.0,-3.0,1.8,3.0,1.4,1.0,-1.6,12.2,15.6,5.2,7.6,52.6,58.1
477,2023-24,Chelsea,Aston Villa,923.0,591.5,1.56,331.5,2,2,D,60.1,39.9,13,8,6,0,1.0,13.0,15.0,-2.0,2.0,2.8,0.8,0.8,-0.8,12.8,11.0,4.6,6.2,53.6,53.2
478,2023-24,Chelsea,Bournemouth,923.0,365.5,2.53,557.5,3,0,H,60.3,39.7,22,11,5,3,1.0,11.0,1.0,10.0,1.4,1.2,0.8,2.8,2.2,12.0,9.6,4.8,3.6,55.2,50.7
479,2023-24,Chelsea,Brentford,923.0,390.5,2.36,532.5,7,1,H,59.2,40.8,17,3,7,1,1.0,13.0,6.0,7.0,1.8,1.2,0.6,1.6,1.6,14.4,12.8,5.4,3.8,55.4,49.9
480,2023-24,Chelsea,Brighton,923.0,500.0,1.85,423.0,2,0,H,59.4,40.6,16,12,5,2,1.0,13.0,7.0,6.0,3.0,2.2,0.8,1.4,1.4,15.0,13.2,4.8,4.8,56.1,52.7
481,2023-24,Chelsea,Crystal Palace,923.0,420.0,2.2,503.0,2,0,H,56.8,43.2,15,11,8,2,1.0,13.0,0.0,13.0,3.0,0.6,0.6,2.4,4.2,15.8,11.6,5.4,3.4,57.5,45.5
482,2023-24,Chelsea,Everton,923.0,349.6,2.64,573.4,5,1,H,58.1,41.9,29,9,11,1,1.0,13.0,3.0,10.0,3.2,0.8,0.6,2.4,4.2,16.6,8.0,6.2,2.8,59.2,43.4
483,2023-24,Chelsea,Fulham,923.0,335.2,2.75,587.8,0,0,D,61.7,38.3,16,8,5,6,1.0,15.0,6.0,9.0,3.8,1.4,0.4,3.4,5.4,19.8,8.2,7.2,2.2,58.8,44.0
484,2023-24,Chelsea,Ipswich Town,923.0,206.0,4.48,717.0,3,1,H,60.8,39.2,22,11,2,1,1.0,13.0,1.0,12.0,3.2,0.0,0.4,1.6,4.4,18.6,8.6,7.2,1.8,59.0,41.2
485,2023-24,Chelsea,Leicester City,923.0,264.5,3.49,658.5,1,0,H,60.6,39.4,24,5,13,1,1.0,13.0,0.0,13.0,2.4,0.6,0.4,2.4,3.8,19.6,9.8,6.2,1.8,59.4,42.4
486,2023-24,Chelsea,Liverpool,923.0,923.0,1.0,0.0,1,1,D,54.5,45.5,18,6,9,1,1.0,13.0,7.0,6.0,2.2,2.0,0.4,1.8,1.6,21.2,15.0,7.8,4.2,59.6,53.0
487,2023-24,Chelsea,Manchester City,923.0,1253.0,0.74,-330.0,0,1,A,51.8,48.2,16,22,12,7,1.0,11.0,13.0,-2.0,2.0,3.2,0.6,1.0,-0.8,21.8,17.4,8.0,5.6,59.1,57.2
488,2023-24,Chelsea,Manchester United,923.0,822.0,1.12,101.0,1,1,D,49.3,50.7,12,15,6,9,1.0,8.0,11.0,-3.0,1.0,1.4,0.6,0.8,-0.2,19.2,12.0,8.2,5.4,57.9,51.7
489,2023-24,Chelsea,Newcastle,923.0,626.0,1.47,297.0,2,1,H,57.2,42.8,14,9,8,2,1.0,8.0,11.0,-3.0,1.2,2.0,0.8,0.8,-0.8,18.4,11.2,8.4,4.4,55.4,50.0
490,2023-24,Chelsea,Nottingham Forest,923.0,370.5,2.49,552.5,3,0,H,59.3,40.7,10,9,10,0,1.0,8.0,2.0,6.0,1.0,0.6,0.8,3.8,3.4,16.8,10.4,9.6,2.0,54.7,45.1
491,2023-24,Chelsea,Southampton,923.0,247.0,3.74,676.0,1,0,H,64.0,36.0,14,8,7,2,1.0,8.0,0.0,8.0,1.4,0.2,0.8,2.2,2.6,14.0,8.2,9.0,1.0,54.4,43.2
492,2023-24,Chelsea,Tottenham,923.0,747.2,1.24,175.8,2,0,H,54.7,45.3,12,14,10,4,1.0,10.0,10.0,0.0,1.4,1.8,0.6,1.2,0.2,13.2,14.6,8.6,6.0,56.3,51.1
493,2023-24,Chelsea,West Ham,923.0,476.8,1.94,446.2,5,0,H,56.5,43.5,15,8,10,1,1.0,13.0,3.0,10.0,1.8,1.0,0.4,2.4,2.8,12.4,10.6,8.2,4.0,56.9,43.8
494,2023-24,Chelsea,Wolves,923.0,346.0,2.67,577.0,4,1,H,63.9,36.1,18,4,12,1,1.0,15.0,9.0,6.0,2.6,2.0,0.2,1.8,2.2,13.0,7.0,9.0,2.0,58.3,42.7
495,2023-24,Crystal Palace,Arsenal,420.0,1149.5,0.37,-729.5,1,2,A,40.5,59.5,7,16,3,3,1.0,0.0,10.0,-10.0,0.4,2.2,2.4,1.2,-3.0,12.4,17.0,3.2,7.2,46.9,55.3
496,2023-24,Crystal Palace,Aston Villa,420.0,591.5,0.71,-171.5,3,1,H,49.6,50.4,8,7,6,2,1.0,0.0,13.0,-13.0,0.6,2.4,2.4,1.2,-3.0,11.6,9.6,3.2,5.0,45.5,50.3
497,2023-24,Crystal Palace,Bournemouth,420.0,365.5,1.15,54.5,1,1,D,51.5,48.5,11,20,8,1,1.0,3.0,1.0,2.0,1.0,0.8,1.8,2.6,1.0,10.6,9.8,3.8,3.4,45.8,48.9
498,2023-24,Crystal Palace,Brentford,420.0,390.5,1.08,29.5,2,1,H,58.7,41.3,13,13,9,3,1.0,4.0,3.0,1.0,1.2,0.6,1.8,2.8,1.6,9.8,9.2,4.6,3.0,46.6,47.1
499,2023-24,Crystal Palace,Brighton,420.0,500.0,0.84,-80.0,1,1,D,50.8,49.2,15,13,4,6,1.0,7.0,6.0,1.0,1.4,2.0,1.4,1.6,-0.4,10.0,13.0,5.6,4.4,48.7,51.0
500,2023-24,Crystal Palace,Chelsea,420.0,923.0,0.46,-503.0,1,1,D,45.3,54.7,13,12,5,9,1.0,8.0,15.0,-7.0,1.6,3.0,1.2,0.2,-2.4,10.8,13.8,6.0,9.8,50.2,59.7
501,2023-24,Crystal Palace,Everton,420.0,349.6,1.2,70.4,0,1,A,52.3,47.7,17,10,4,7,1.0,9.0,3.0,6.0,1.6,1.0,1.0,2.8,2.4,12.0,8.4,6.4,2.4,51.2,44.7
502,2023-24,Crystal Palace,Fulham,420.0,335.2,1.25,84.8,1,2,A,50.3,49.7,18,11,6,2,1.0,6.0,7.0,-1.0,1.0,1.4,1.0,1.6,0.2,13.8,8.6,6.0,3.0,51.7,44.4
503,2023-24,Crystal Palace,Ipswich Town,420.0,206.0,2.04,214.0,3,2,H,55.5,44.5,14,6,9,2,1.0,5.0,0.0,5.0,1.0,0.2,1.2,2.2,1.8,15.2,9.6,5.6,1.8,51.5,42.5
504,2023-24,Crystal Palace,Leicester City,420.0,264.5,1.59,155.5,0,1,A,50.9,49.1,17,14,2,6,1.0,5.0,0.0,5.0,1.2,0.6,1.4,2.0,1.2,15.4,8.8,5.6,2.0,50.8,43.8
505,2023-24,Crystal Palace,Liverpool,420.0,923.0,0.46,-503.0,3,4,A,47.5,52.5,10,13,4,8,1.0,4.0,8.0,-4.0,1.0,2.2,1.4,1.8,-0.8,15.8,11.8,5.2,4.2,50.9,53.6
506,2023-24,Crystal Palace,Manchester City,420.0,1253.0,0.34,-833.0,1,4,A,44.2,55.8,14,13,4,5,1.0,3.0,13.0,-10.0,1.4,3.2,2.0,1.0,-2.8,15.2,16.8,5.0,5.6,51.3,56.7
507,2023-24,Crystal Palace,Manchester United,420.0,822.0,0.51,-402.0,0,1,A,45.5,54.5,10,23,4,3,1.0,3.0,11.0,-8.0,1.6,1.4,2.6,0.8,-1.6,14.6,13.2,5.0,6.6,49.7,53.2
508,2023-24,Crystal Palace,Newcastle,420.0,626.0,0.67,-206.0,3,1,H,48.9,51.1,5,5,5,3,1.0,3.0,10.0,-7.0,1.4,1.8,2.4,0.8,-2.0,13.0,9.8,4.6,4.2,48.7,49.8
509,2023-24,Crystal Palace,Nottingham Forest,420.0,370.5,1.13,49.5,6,0,H,54.4,45.6,11,10,7,2,1.0,3.0,2.0,1.0,1.4,0.6,2.2,3.4,2.0,11.2,10.8,3.8,1.6,47.4,45.9
510,2023-24,Crystal Palace,Southampton,420.0,247.0,1.7,173.0,3,0,H,54.6,45.4,13,11,5,3,1.0,6.0,0.0,6.0,2.6,0.2,2.0,2.2,2.6,10.0,7.8,4.8,1.4,48.1,43.5
511,2023-24,Crystal Palace,Tottenham,420.0,747.2,0.56,-327.2,1,3,A,48.1,51.9,9,11,4,2,1.0,9.0,10.0,-1.0,2.6,1.8,1.2,1.4,1.0,10.6,14.8,5.0,5.6,49.5,51.7
512,2023-24,Crystal Palace,West Ham,420.0,476.8,0.88,-56.8,1,2,A,49.3,50.7,16,11,5,3,1.0,9.0,3.0,6.0,2.6,1.0,1.0,2.8,3.4,9.6,10.4,5.0,4.2,50.3,45.5
513,2023-24,Crystal Palace,Wolves,420.0,346.0,1.21,74.0,4,3,H,56.4,43.6,13,9,3,4,1.0,9.0,9.0,0.0,2.8,2.2,1.2,1.8,1.2,10.8,6.2,5.2,2.0,51.1,42.9
514,2023-24,Everton,Arsenal,349.6,1149.5,0.3,-799.9,0,3,A,42.3,57.7,10,10,1,4,1.0,6.0,10.0,-4.0,1.2,2.0,2.6,1.0,-2.4,8.8,15.8,3.0,6.8,45.2,56.5
515,2023-24,Everton,Aston Villa,349.6,591.5,0.59,-241.9,2,0,H,49.8,50.2,14,11,9,4,1.0,3.0,10.0,-7.0,0.6,2.4,3.0,1.8,-3.0,9.8,9.4,2.8,3.8,44.4,48.4
516,2023-24,Everton,Bournemouth,349.6,365.5,0.96,-15.9,1,5,A,52.6,47.4,9,8,3,2,1.0,6.0,2.0,4.0,0.8,1.0,2.4,2.0,-0.6,10.8,12.0,4.0,3.2,44.9,48.0
517,2023-24,Everton,Brentford,349.6,390.5,0.9,-40.9,4,1,H,53.0,47.0,7,13,5,1,1.0,6.0,3.0,3.0,1.0,0.8,2.6,3.0,0.6,10.4,9.0,4.2,2.8,46.9,46.8
518,2023-24,Everton,Brighton,349.6,500.0,0.7,-150.4,0,2,A,55.9,44.1,10,11,8,1,1.0,9.0,4.0,5.0,1.6,1.4,1.8,1.8,0.2,10.0,13.6,5.0,4.4,49.1,50.4
519,2023-24,Everton,Chelsea,349.6,923.0,0.38,-573.4,0,2,A,43.0,57.0,8,16,1,10,1.0,6.0,13.0,-7.0,1.4,2.6,2.2,0.4,-3.0,10.0,14.2,5.2,9.6,50.7,58.8
520,2023-24,Everton,Crystal Palace,349.6,420.0,0.83,-70.4,2,1,H,52.0,48.0,13,9,3,4,1.0,6.0,9.0,-3.0,1.4,3.0,2.0,1.6,-2.0,9.6,12.4,5.2,4.8,50.9,52.6
521,2023-24,Everton,Fulham,349.6,335.2,1.04,14.4,3,2,H,53.7,46.3,9,3,2,3,1.0,6.0,10.0,-4.0,1.4,1.8,2.2,1.2,-1.4,9.4,9.6,4.0,3.4,51.3,46.3
522,2023-24,Everton,Ipswich Town,349.6,206.0,1.7,143.6,2,0,H,54.7,45.3,7,7,5,2,1.0,9.0,0.0,9.0,1.8,0.6,1.6,2.4,2.0,9.4,8.4,3.8,2.0,51.5,42.8
523,2023-24,Everton,Leicester City,349.6,264.5,1.32,85.1,0,1,A,54.3,45.7,6,6,6,2,1.0,9.0,3.0,6.0,1.4,0.6,1.4,1.6,1.0,9.4,9.2,3.8,2.8,51.9,44.8
524,2023-24,Everton,Liverpool,349.6,923.0,0.38,-573.4,0,2,A,41.0,59.0,5,13,5,8,1.0,9.0,8.0,1.0,1.4,2.2,1.2,2.0,-0.0,8.6,12.6,3.4,4.8,51.5,53.8
525,2023-24,Everton,Manchester City,349.6,1253.0,0.28,-903.4,0,2,A,40.6,59.4,9,11,3,8,1.0,9.0,13.0,-4.0,1.4,2.6,1.2,0.8,-1.6,8.0,16.4,4.2,5.8,51.1,56.2
526,2023-24,Everton,Manchester United,349.6,822.0,0.43,-472.4,2,3,A,42.3,57.7,7,13,2,7,1.0,6.0,13.0,-7.0,1.0,1.6,1.4,0.8,-1.2,7.2,15.2,4.2,5.2,48.9,54.2
527,2023-24,Everton,Newcastle,349.6,626.0,0.56,-276.4,4,0,H,47.6,52.4,8,19,2,2,1.0,3.0,9.0,-6.0,0.8,1.8,1.6,1.2,-1.4,6.8,8.6,4.2,3.2,46.6,50.2
528,2023-24,Everton,Nottingham Forest,349.6,370.5,0.94,-20.9,2,0,H,52.7,47.3,16,13,2,6,1.0,3.0,2.0,1.0,1.2,0.6,1.6,3.0,2.0,7.0,11.2,3.6,1.8,45.2,46.0
529,2023-24,Everton,Southampton,349.6,247.0,1.42,102.6,3,0,H,50.6,49.4,7,19,7,3,1.0,6.0,0.0,6.0,1.6,0.2,1.4,2.6,2.6,9.0,7.8,2.8,2.0,44.8,44.2
530,2023-24,Everton,Tottenham,349.6,747.2,0.47,-397.6,3,2,H,47.4,52.6,15,11,3,7,1.0,9.0,12.0,-3.0,2.2,1.8,1.0,1.0,0.4,9.4,13.8,3.2,4.6,46.8,51.2
531,2023-24,Everton,West Ham,349.6,476.8,0.73,-127.2,3,1,H,51.2,48.8,11,15,3,7,1.0,12.0,6.0,6.0,2.8,1.4,1.0,2.2,2.6,10.6,9.4,3.2,3.8,48.1,46.6
532,2023-24,Everton,Wolves,349.6,346.0,1.01,3.6,0,0,D,51.7,48.3,12,10,2,4,1.0,15.0,9.0,6.0,3.0,2.8,0.6,2.4,2.0,11.4,6.2,3.4,2.0,49.9,43.5
533,2023-24,Fulham,Arsenal,335.2,1149.5,0.29,-814.3,0,5,A,41.3,58.7,10,21,4,10,1.0,10.0,10.0,0.0,1.8,2.2,1.2,1.0,-0.6,8.8,15.4,3.2,6.2,46.4,57.0
534,2023-24,Fulham,Aston Villa,335.2,591.5,0.57,-256.3,4,0,H,50.7,49.3,15,15,5,5,1.0,7.0,7.0,0.0,1.4,2.0,2.0,2.0,-0.6,8.6,9.4,3.4,4.0,44.9,47.6
535,2023-24,Fulham,Bournemouth,335.2,365.5,0.92,-30.3,1,1,D,53.4,46.6,11,15,5,2,1.0,7.0,5.0,2.0,1.6,1.6,1.8,1.6,-0.2,9.4,10.8,4.0,2.8,45.3,46.7
536,2023-24,Fulham,Brentford,335.2,390.5,0.86,-55.3,1,0,H,51.9,48.1,13,14,5,3,1.0,7.0,0.0,7.0,1.8,0.8,2.0,3.8,2.8,10.0,10.2,3.8,2.2,48.3,45.9
537,2023-24,Fulham,Brighton,335.2,500.0,0.67,-164.8,2,3,A,48.7,51.3,14,6,3,5,1.0,7.0,7.0,0.0,1.6,1.8,1.8,1.6,-0.4,10.4,13.4,4.4,3.8,48.7,49.2
538,2023-24,Fulham,Chelsea,335.2,923.0,0.36,-587.8,0,0,D,48.8,51.2,11,18,1,4,1.0,7.0,13.0,-6.0,1.6,2.8,1.8,0.4,-2.6,12.6,14.6,4.4,10.2,49.2,57.4
539,2023-24,Fulham,Crystal Palace,335.2,420.0,0.8,-84.8,5,1,H,49.1,50.9,12,7,5,6,1.0,8.0,6.0,2.0,1.6,2.0,0.8,2.0,0.8,12.8,12.0,3.8,4.2,50.7,51.3
540,2023-24,Fulham,Everton,335.2,349.6,0.96,-14.4,1,1,D,52.6,47.4,13,11,7,4,1.0,8.0,13.0,-5.0,1.8,2.2,1.0,0.6,-0.8,12.2,12.2,3.8,3.4,50.4,50.7
541,2023-24,Fulham,Ipswich Town,335.2,206.0,1.63,129.2,3,3,D,51.4,48.6,12,12,1,2,1.0,8.0,0.0,8.0,1.8,0.6,1.0,2.2,2.4,12.6,8.4,4.2,1.8,50.2,43.5
542,2023-24,Fulham,Leicester City,335.2,264.5,1.27,70.7,2,0,H,55.6,44.4,10,7,7,3,1.0,6.0,6.0,0.0,2.2,0.6,1.6,1.2,1.2,12.4,8.8,3.4,2.6,50.1,44.6
543,2023-24,Fulham,Liverpool,335.2,923.0,0.36,-587.8,1,2,A,45.0,55.0,9,15,1,5,1.0,9.0,11.0,-2.0,2.2,2.4,1.0,1.2,0.0,11.6,12.4,4.2,4.8,51.5,53.7
544,2023-24,Fulham,Manchester City,335.2,1253.0,0.27,-917.8,1,0,H,42.8,57.2,7,27,2,10,1.0,8.0,13.0,-5.0,2.4,2.4,1.4,0.6,-0.8,11.2,15.2,4.2,6.6,50.7,55.6
545,2023-24,Fulham,Manchester United,335.2,822.0,0.41,-486.8,1,4,A,46.7,53.3,4,11,4,6,1.0,8.0,13.0,-5.0,1.6,1.8,1.2,1.0,-0.4,10.2,15.4,3.6,5.2,49.5,54.9
546,2023-24,Fulham,Newcastle,335.2,626.0,0.54,-290.8,0,2,A,50.5,49.5,9,12,3,3,1.0,7.0,6.0,1.0,1.6,1.4,1.8,2.0,0.4,8.4,11.2,3.0,2.4,48.3,50.1
547,2023-24,Fulham,Nottingham Forest,335.2,370.5,0.9,-35.3,2,0,H,51.0,49.0,5,12,4,3,1.0,6.0,2.0,4.0,1.0,0.4,1.6,2.6,1.6,7.8,11.6,3.4,2.8,48.1,46.7
548,2023-24,Fulham,Southampton,335.2,247.0,1.36,88.2,1,0,H,52.7,47.3,10,11,5,3,1.0,6.0,0.0,6.0,1.0,0.2,1.6,3.0,2.2,6.8,10.2,2.8,2.2,47.2,44.7
549,2023-24,Fulham,Tottenham,335.2,747.2,0.45,-412.0,1,1,D,46.8,53.2,8,12,1,4,1.0,9.0,9.0,0.0,1.0,1.4,1.2,1.2,-0.4,7.0,12.8,3.6,5.4,48.7,51.5
550,2023-24,Fulham,West Ham,335.2,476.8,0.7,-141.6,1,1,D,49.2,50.8,14,15,4,2,1.0,7.0,3.0,4.0,1.0,0.8,1.4,2.8,1.6,7.2,10.0,3.4,4.2,49.5,46.9
551,2023-24,Fulham,Wolves,335.2,346.0,0.97,-10.8,0,0,D,50.8,49.2,16,10,5,2,1.0,8.0,7.0,1.0,1.0,2.2,0.8,2.0,-0.0,9.2,6.4,3.4,2.6,50.0,44.0
552,2023-24,Ipswich Town,Arsenal,206.0,1149.5,0.18,-943.5,0,1,A,38.9,61.1,7,21,2,7,1.0,1.0,10.0,-9.0,1.2,2.2,2.4,0.6,-2.8,8.4,16.8,2.0,6.0,44.4,57.4
553,2023-24,Ipswich Town,Aston Villa,206.0,591.5,0.35,-385.5,1,2,A,41.1,58.9,10,18,5,5,1.0,1.0,4.0,-3.0,1.2,1.6,2.4,2.6,-0.2,8.6,10.6,1.8,3.6,43.3,47.8
554,2023-24,Ipswich Town,Bournemouth,206.0,365.5,0.56,-159.5,2,0,H,51.6,48.4,11,21,2,1,1.0,1.0,6.0,-5.0,1.2,1.6,2.2,1.4,-1.2,8.4,12.6,2.6,2.4,43.7,46.5
555,2023-24,Ipswich Town,Brentford,206.0,390.5,0.53,-184.5,1,5,A,48.2,51.8,10,11,4,7,1.0,4.0,0.0,4.0,1.2,0.8,1.6,3.4,2.2,9.4,9.8,2.6,2.4,45.1,45.0
556,2023-24,Ipswich Town,Brighton,206.0,500.0,0.41,-294.0,1,4,A,44.9,55.1,13,7,1,2,1.0,4.0,7.0,-3.0,1.4,1.6,2.2,1.8,-0.6,10.0,11.8,3.0,4.0,45.7,48.1
557,2023-24,Ipswich Town,Chelsea,206.0,923.0,0.22,-717.0,3,1,H,38.3,61.7,16,21,1,4,1.0,3.0,11.0,-8.0,1.0,2.4,2.4,0.4,-3.4,10.2,15.8,2.8,9.0,44.9,56.7
558,2023-24,Ipswich Town,Crystal Palace,206.0,420.0,0.49,-214.0,0,4,A,46.7,53.3,9,13,6,4,1.0,6.0,3.0,3.0,1.6,1.6,2.4,3.0,0.6,12.0,10.8,2.6,4.4,44.8,50.5
559,2023-24,Ipswich Town,Everton,206.0,349.6,0.59,-143.6,2,1,H,48.1,51.9,14,9,5,1,1.0,6.0,11.0,-5.0,1.4,2.0,2.8,0.8,-2.6,11.8,11.2,2.8,3.8,45.9,49.7
560,2023-24,Ipswich Town,Fulham,206.0,335.2,0.61,-129.2,2,1,H,49.1,50.9,15,12,7,4,1.0,6.0,9.0,-3.0,1.4,1.0,3.0,0.4,-2.2,12.4,10.6,3.4,3.8,45.2,50.1
561,2023-24,Ipswich Town,Leicester City,206.0,264.5,0.78,-58.5,3,1,H,52.1,47.9,13,13,4,6,1.0,9.0,6.0,3.0,1.6,0.4,2.2,1.0,-0.0,13.4,9.2,4.0,2.6,45.4,44.4
562,2023-24,Ipswich Town,Liverpool,206.0,923.0,0.22,-717.0,1,0,H,44.7,55.3,12,14,1,4,1.0,12.0,11.0,1.0,2.0,2.2,1.6,1.4,-0.4,13.4,12.0,4.6,5.2,46.9,53.7
563,2023-24,Ipswich Town,Manchester City,206.0,1253.0,0.16,-1047.0,0,6,A,34.9,65.1,9,19,3,5,1.0,12.0,10.0,2.0,1.6,1.8,1.4,0.8,-0.8,12.6,17.6,4.6,7.0,48.1,55.6
564,2023-24,Ipswich Town,Manchester United,206.0,822.0,0.25,-616.0,1,3,A,41.9,58.1,9,12,3,8,1.0,12.0,13.0,-1.0,1.6,2.4,1.8,1.2,-1.4,12.6,14.6,4.0,6.0,45.8,54.5
565,2023-24,Ipswich Town,Newcastle,206.0,626.0,0.33,-420.0,0,5,A,48.0,52.0,6,12,2,1,1.0,9.0,6.0,3.0,1.4,1.2,2.2,2.0,-0.0,11.6,10.8,3.6,2.8,44.5,49.9
566,2023-24,Ipswich Town,Nottingham Forest,206.0,370.5,0.56,-164.5,1,1,D,51.6,48.4,15,8,1,4,1.0,6.0,1.0,5.0,1.0,0.2,3.0,2.8,0.6,9.8,10.8,2.6,2.6,44.3,46.7
567,2023-24,Ipswich Town,Southampton,206.0,247.0,0.83,-41.0,2,0,H,51.7,48.3,5,7,3,4,1.0,4.0,0.0,4.0,0.6,0.0,3.0,2.4,0.0,10.2,10.6,2.0,2.6,44.2,45.1
568,2023-24,Ipswich Town,Tottenham,206.0,747.2,0.28,-541.2,1,3,A,46.3,53.7,14,11,4,8,1.0,4.0,7.0,-3.0,0.8,1.4,3.0,1.4,-2.2,8.8,12.2,2.4,5.4,45.6,50.6
569,2023-24,Ipswich Town,West Ham,206.0,476.8,0.43,-270.8,1,1,D,49.3,50.7,16,16,1,5,1.0,4.0,4.0,0.0,1.0,1.0,2.4,2.8,0.4,9.8,11.6,2.6,3.8,47.9,47.4
570,2023-24,Ipswich Town,Wolves,206.0,346.0,0.6,-140.0,1,1,D,50.8,49.2,5,7,3,3,1.0,5.0,5.0,0.0,1.0,1.6,2.0,2.0,-0.6,11.2,7.8,2.2,2.6,49.4,44.4
571,2023-24,Leicester City,Arsenal,264.5,1149.5,0.23,-885.0,0,2,A,35.0,65.0,7,16,2,9,1.0,6.0,12.0,-6.0,0.6,2.2,1.2,0.4,-2.4,9.0,17.4,3.6,6.8,45.3,57.7
572,2023-24,Leicester City,Aston Villa,264.5,591.5,0.45,-327.0,1,3,A,47.2,52.8,13,9,6,5,1.0,6.0,4.0,2.0,0.6,1.0,1.4,2.4,0.6,9.4,11.8,3.8,3.2,44.4,49.7
573,2023-24,Leicester City,Bournemouth,264.5,365.5,0.72,-101.0,3,3,D,51.7,48.3,6,9,6,8,1.0,3.0,5.0,-2.0,0.6,1.4,2.0,1.6,-1.2,9.2,15.0,3.8,1.8,44.0,46.1
574,2023-24,Leicester City,Brentford,264.5,390.5,0.68,-126.0,2,3,A,49.3,50.7,11,11,4,1,1.0,1.0,3.0,-2.0,1.0,1.6,2.6,3.0,-0.2,9.2,10.8,4.6,3.0,45.2,45.8
575,2023-24,Leicester City,Brighton,264.5,500.0,0.53,-235.5,2,0,H,50.3,49.7,12,11,6,4,1.0,1.0,10.0,-9.0,1.4,2.0,2.8,1.2,-2.2,10.0,9.8,4.8,3.2,46.2,48.1
576,2023-24,Leicester City,Chelsea,264.5,923.0,0.29,-658.5,0,1,A,45.2,54.8,14,15,2,10,1.0,4.0,8.0,-4.0,1.6,1.6,2.2,1.0,-1.2,9.8,17.0,4.8,7.8,46.7,57.7
577,2023-24,Leicester City,Crystal Palace,264.5,420.0,0.63,-155.5,3,0,H,47.2,52.8,7,16,6,2,1.0,4.0,6.0,-2.0,1.6,2.2,2.0,2.4,-0.2,11.2,11.6,4.8,4.4,48.7,51.6
578,2023-24,Leicester City,Everton,264.5,349.6,0.76,-85.1,1,2,A,50.9,49.1,9,11,5,3,1.0,7.0,8.0,-1.0,2.0,1.6,1.4,1.2,0.2,10.0,11.6,4.8,2.6,48.7,49.9
579,2023-24,Leicester City,Fulham,264.5,335.2,0.79,-70.7,1,3,A,49.4,50.6,11,17,3,5,1.0,6.0,6.0,0.0,1.6,0.8,1.2,0.8,0.4,10.6,12.0,4.6,3.8,48.6,50.1
580,2023-24,Leicester City,Ipswich Town,264.5,206.0,1.28,58.5,1,0,H,57.0,43.0,18,12,6,3,1.0,6.0,6.0,0.0,1.4,1.2,1.2,1.2,0.2,10.6,11.0,4.4,2.4,48.6,49.9
581,2023-24,Leicester City,Liverpool,264.5,923.0,0.29,-658.5,0,3,A,46.4,53.6,10,17,4,5,1.0,6.0,10.0,-4.0,1.2,1.8,1.2,1.2,-0.6,11.8,12.2,4.4,5.2,49.9,53.5
582,2023-24,Leicester City,Manchester City,264.5,1253.0,0.21,-988.5,2,4,A,39.5,60.5,7,20,2,4,1.0,6.0,12.0,-6.0,1.2,2.6,1.6,0.4,-2.6,11.0,18.4,4.8,7.0,50.2,57.1
583,2023-24,Leicester City,Manchester United,264.5,822.0,0.32,-557.5,1,3,A,48.8,51.2,13,17,3,6,1.0,3.0,13.0,-10.0,1.0,2.4,2.4,1.0,-2.8,11.0,14.8,4.0,6.6,48.6,54.9
584,2023-24,Leicester City,Newcastle,264.5,626.0,0.42,-361.5,1,3,A,50.4,49.6,10,10,7,3,1.0,3.0,6.0,-3.0,1.0,1.8,2.6,1.8,-1.6,11.8,11.4,3.6,2.2,48.2,49.6
585,2023-24,Leicester City,Nottingham Forest,264.5,370.5,0.71,-106.0,1,3,A,50.6,49.4,10,19,2,4,1.0,3.0,1.0,2.0,1.0,0.2,2.6,2.8,1.0,11.6,10.4,4.4,3.0,48.4,46.2
586,2023-24,Leicester City,Southampton,264.5,247.0,1.07,17.5,3,0,H,51.0,49.0,14,8,1,2,1.0,0.0,0.0,0.0,1.0,0.0,3.2,2.0,-0.2,10.0,11.2,3.6,3.0,47.1,45.3
587,2023-24,Leicester City,Tottenham,264.5,747.2,0.35,-482.7,1,2,A,46.6,53.4,15,11,5,6,1.0,3.0,7.0,-4.0,1.6,1.8,2.6,1.6,-1.2,10.8,11.8,3.0,5.0,48.1,51.3
588,2023-24,Leicester City,West Ham,264.5,476.8,0.55,-212.3,2,1,H,47.1,52.9,6,10,6,9,1.0,3.0,5.0,-2.0,1.4,1.0,2.2,2.2,0.4,12.4,13.0,3.6,3.6,49.5,48.9
589,2023-24,Leicester City,Wolves,264.5,346.0,0.76,-81.5,2,1,H,53.5,46.5,15,8,5,4,1.0,6.0,3.0,3.0,1.6,1.0,1.8,1.8,0.6,11.0,8.0,4.2,2.8,49.1,45.3
590,2023-24,Liverpool,Arsenal,923.0,1149.5,0.8,-226.5,0,4,A,47.0,53.0,16,12,5,6,1.0,12.0,15.0,-3.0,2.2,2.6,1.0,0.2,-1.2,14.4,16.8,6.0,6.6,55.1,60.4
591,2023-24,Liverpool,Aston Villa,923.0,591.5,1.56,331.5,3,0,H,56.4,43.6,17,11,11,1,1.0,9.0,6.0,3.0,1.4,1.2,1.2,2.2,1.2,15.0,12.0,5.4,4.2,54.0,52.3
592,2023-24,Liverpool,Bournemouth,923.0,365.5,2.53,557.5,2,1,H,61.1,38.9,25,10,7,3,1.0,9.0,6.0,3.0,1.6,2.0,1.2,1.6,0.0,15.8,14.6,6.0,2.8,53.5,47.8
593,2023-24,Liverpool,Brentford,923.0,390.5,2.36,532.5,8,1,H,63.1,36.9,14,12,10,1,1.0,9.0,6.0,3.0,1.6,2.0,1.2,2.0,0.4,17.8,12.4,6.4,3.0,54.7,47.8
594,2023-24,Liverpool,Brighton,923.0,500.0,1.85,423.0,5,0,H,62.6,37.4,14,3,6,1,1.0,12.0,10.0,2.0,3.2,2.0,1.2,1.2,1.2,17.8,9.6,7.6,3.6,56.2,49.9
595,2023-24,Liverpool,Chelsea,923.0,923.0,1.0,0.0,2,0,H,56.9,43.1,15,17,5,4,1.0,12.0,8.0,4.0,3.6,1.0,1.2,0.8,2.2,17.2,16.4,7.8,7.4,58.0,55.9
596,2023-24,Liverpool,Crystal Palace,923.0,420.0,2.2,503.0,4,0,H,61.5,38.5,19,10,4,3,1.0,15.0,6.0,9.0,4.0,2.0,0.4,2.6,4.2,17.0,11.6,7.8,3.8,60.0,52.3
597,2023-24,Liverpool,Everton,923.0,349.6,2.64,573.4,2,1,H,62.7,37.3,17,9,6,2,1.0,15.0,8.0,7.0,4.2,1.4,0.4,1.0,3.4,17.4,10.8,6.4,2.6,61.0,50.3
598,2023-24,Liverpool,Fulham,923.0,335.2,2.75,587.8,3,0,H,63.5,36.5,17,10,5,2,1.0,15.0,6.0,9.0,4.2,1.2,0.4,1.0,3.6,15.8,13.4,6.2,3.8,61.4,49.7
599,2023-24,Liverpool,Ipswich Town,923.0,206.0,4.48,717.0,5,0,H,62.7,37.3,23,7,4,3,1.0,15.0,5.0,10.0,3.2,1.0,0.2,1.2,3.2,16.4,10.4,5.2,2.8,61.4,48.2
600,2023-24,Liverpool,Leicester City,923.0,264.5,3.49,658.5,3,2,H,60.1,39.9,13,8,8,1,1.0,15.0,9.0,6.0,3.2,1.8,0.2,1.4,2.6,18.2,12.0,4.8,3.8,61.5,49.8
601,2023-24,Liverpool,Manchester City,923.0,1253.0,0.74,-330.0,2,3,A,50.9,49.1,16,20,12,7,1.0,15.0,12.0,3.0,3.4,3.2,0.6,0.8,0.4,17.8,18.0,5.4,6.4,62.1,59.6
602,2023-24,Liverpool,Manchester United,923.0,822.0,1.12,101.0,1,2,A,52.8,47.2,17,18,4,2,1.0,12.0,15.0,-3.0,3.0,2.8,1.2,1.0,0.0,17.2,15.2,7.0,6.0,60.0,55.0
603,2023-24,Liverpool,Newcastle,923.0,626.0,1.47,297.0,0,1,A,53.8,46.2,25,6,6,2,1.0,9.0,9.0,0.0,2.8,2.2,1.4,1.6,0.8,17.2,11.6,6.6,2.4,58.0,50.9
604,2023-24,Liverpool,Nottingham Forest,923.0,370.5,2.49,552.5,1,0,H,60.5,39.5,13,5,7,3,1.0,6.0,4.0,2.0,2.2,0.8,1.6,2.4,2.2,18.8,12.4,6.8,3.8,56.1,47.9
605,2023-24,Liverpool,Southampton,923.0,247.0,3.74,676.0,3,0,H,65.1,34.9,9,8,8,4,1.0,6.0,0.0,6.0,1.4,0.0,1.6,2.4,2.2,16.8,11.2,7.4,3.0,55.6,47.9
606,2023-24,Liverpool,Tottenham,923.0,747.2,1.24,175.8,4,3,H,56.9,43.1,17,11,14,4,1.0,6.0,10.0,-4.0,1.4,2.2,1.2,1.4,-0.6,16.0,11.2,7.4,5.4,56.6,53.0
607,2023-24,Liverpool,West Ham,923.0,476.8,1.94,446.2,2,2,D,61.3,38.7,11,11,4,2,1.0,9.0,5.0,4.0,1.8,1.2,1.2,1.6,1.0,16.2,13.4,7.8,5.2,57.8,50.8
608,2023-24,Liverpool,Wolves,923.0,346.0,2.67,577.0,3,1,H,57.5,42.5,13,7,3,2,1.0,10.0,3.0,7.0,2.0,1.0,1.2,1.4,1.2,15.0,8.8,7.8,3.4,59.5,47.4
609,2023-24,Manchester City,Arsenal,1253.0,1149.5,1.09,103.5,3,1,H,54.2,45.8,18,16,8,6,1.0,12.0,15.0,-3.0,3.0,3.0,1.0,0.0,-1.0,19.4,16.0,6.8,7.2,58.3,59.1
610,2023-24,Manchester City,Aston Villa,1253.0,591.5,2.12,661.5,3,0,H,60.9,39.1,26,10,7,3,1.0,12.0,6.0,6.0,3.2,1.0,1.2,2.2,3.2,20.8,12.8,6.8,4.0,57.2,51.0
611,2023-24,Manchester City,Bournemouth,1253.0,365.5,3.43,887.5,3,0,H,66.2,33.8,26,5,10,1,1.0,15.0,5.0,10.0,3.8,2.0,1.0,1.8,2.6,20.6,12.6,6.2,3.2,58.0,45.9
612,2023-24,Manchester City,Brentford,1253.0,390.5,3.21,862.5,4,0,H,63.0,37.0,18,7,11,1,1.0,15.0,6.0,9.0,3.2,2.0,1.0,3.2,3.4,22.0,12.2,7.2,2.6,58.2,46.9
613,2023-24,Manchester City,Brighton,1253.0,500.0,2.51,753.0,1,1,D,62.3,37.7,24,7,7,4,1.0,15.0,9.0,6.0,3.2,1.8,0.6,2.0,2.8,21.6,7.6,8.6,2.6,58.7,47.5
614,2023-24,Manchester City,Chelsea,1253.0,923.0,1.36,330.0,0,1,A,58.4,41.6,12,11,7,3,1.0,13.0,7.0,6.0,2.8,0.8,0.4,1.0,2.6,22.4,17.4,8.6,6.4,61.3,53.6
615,2023-24,Manchester City,Crystal Palace,1253.0,420.0,2.98,833.0,5,1,H,65.9,34.1,18,5,10,1,1.0,10.0,3.0,7.0,2.2,1.2,0.4,2.8,3.4,21.2,11.0,8.4,3.8,62.2,48.7
616,2023-24,Manchester City,Everton,1253.0,349.6,3.58,903.4,1,0,H,67.0,33.0,21,5,12,3,1.0,10.0,5.0,5.0,2.6,1.0,0.6,1.2,2.2,19.6,10.4,9.0,2.4,63.2,47.5
617,2023-24,Manchester City,Fulham,1253.0,335.2,3.74,917.8,2,0,H,65.8,34.2,20,8,14,1,1.0,10.0,5.0,5.0,2.2,1.0,0.6,1.4,2.0,18.6,13.8,9.4,4.0,63.3,47.6
618,2023-24,Manchester City,Ipswich Town,1253.0,206.0,6.08,1047.0,1,0,H,70.0,30.0,29,6,7,1,1.0,10.0,2.0,8.0,1.8,0.6,0.6,2.2,2.8,19.0,10.8,10.0,2.8,63.9,45.3
619,2023-24,Manchester City,Leicester City,1253.0,264.5,4.74,988.5,3,0,H,69.1,30.9,26,9,10,0,1.0,12.0,9.0,3.0,1.8,2.0,0.4,1.4,0.8,20.0,11.6,10.0,3.6,65.4,47.6
620,2023-24,Manchester City,Liverpool,1253.0,923.0,1.36,330.0,2,1,H,58.3,41.7,17,11,4,3,1.0,15.0,13.0,2.0,2.4,2.6,0.2,1.2,0.8,22.8,12.6,10.6,7.2,67.6,60.3
621,2023-24,Manchester City,Manchester United,1253.0,822.0,1.52,431.0,2,0,H,58.2,41.8,19,13,11,6,1.0,15.0,15.0,0.0,1.8,3.0,0.2,1.2,-0.2,22.6,14.2,9.4,5.8,66.0,53.5
622,2023-24,Manchester City,Newcastle,1253.0,626.0,2.0,627.0,7,0,H,58.8,41.2,20,21,9,3,1.0,15.0,12.0,3.0,2.0,2.2,0.2,1.0,0.6,22.2,11.8,9.2,2.2,64.3,49.9
623,2023-24,Manchester City,Nottingham Forest,1253.0,370.5,3.38,882.5,4,0,H,66.5,33.5,23,7,8,1,1.0,15.0,4.0,11.0,3.0,0.8,0.2,1.4,3.4,22.2,11.4,8.2,4.0,62.9,46.7
624,2023-24,Manchester City,Southampton,1253.0,247.0,5.07,1006.0,0,0,D,67.3,32.7,24,4,11,0,1.0,15.0,0.0,15.0,3.6,0.0,0.2,2.4,5.8,21.0,10.6,8.4,3.2,62.2,45.8
625,2023-24,Manchester City,Tottenham,1253.0,747.2,1.68,505.8,5,0,H,63.0,37.0,18,13,9,3,1.0,13.0,7.0,6.0,3.0,2.2,0.2,2.0,2.6,20.6,11.2,8.6,5.8,61.8,51.2
626,2023-24,Manchester City,West Ham,1253.0,476.8,2.63,776.2,7,0,H,61.7,38.3,18,8,5,0,1.0,13.0,3.0,10.0,3.6,1.2,0.0,1.8,4.2,20.8,13.4,9.6,5.0,62.8,48.4
627,2023-24,Manchester City,Wolves,1253.0,346.0,3.62,907.0,4,0,H,69.1,30.9,25,7,9,0,1.0,13.0,3.0,10.0,4.6,0.6,0.0,1.2,5.2,20.6,8.4,8.4,3.0,63.5,47.1
628,2023-24,Manchester United,Arsenal,822.0,1149.5,0.72,-327.5,2,2,D,46.4,53.6,17,12,5,4,1.0,12.0,12.0,0.0,2.4,2.6,1.2,0.6,-0.8,14.2,17.2,5.6,7.6,50.3,56.7
629,2023-24,Manchester United,Aston Villa,822.0,591.5,1.39,230.5,1,1,D,54.4,45.6,9,10,4,2,1.0,10.0,6.0,4.0,2.0,1.0,1.4,2.4,2.0,15.4,12.6,5.4,3.8,48.9,48.7
630,2023-24,Manchester United,Bournemouth,822.0,365.5,2.25,456.5,3,1,H,60.7,39.3,16,8,5,3,1.0,8.0,2.0,6.0,1.6,1.0,1.4,2.2,1.4,14.8,12.0,4.6,3.0,48.2,43.2
631,2023-24,Manchester United,Brentford,822.0,390.5,2.1,431.5,2,1,H,60.5,39.5,13,13,7,2,1.0,8.0,6.0,2.0,1.6,1.8,1.4,3.2,1.6,14.6,11.0,4.4,2.6,50.1,44.9
632,2023-24,Manchester United,Brighton,822.0,500.0,1.64,322.0,3,0,H,55.3,44.7,13,15,4,0,1.0,8.0,7.0,1.0,1.6,1.6,1.4,2.2,0.8,13.6,6.8,5.4,3.2,52.8,46.2
633,2023-24,Manchester United,Chelsea,822.0,923.0,0.89,-101.0,0,1,A,50.7,49.3,13,15,8,6,1.0,11.0,7.0,4.0,2.2,0.6,1.0,1.0,1.6,13.6,16.4,5.0,5.0,55.5,50.5
634,2023-24,Manchester United,Crystal Palace,822.0,420.0,1.96,402.0,2,1,H,60.5,39.5,18,7,11,4,1.0,10.0,3.0,7.0,1.8,1.2,0.8,3.4,3.2,12.8,10.2,5.6,3.2,56.3,45.9
635,2023-24,Manchester United,Everton,822.0,349.6,2.35,472.4,2,0,H,56.8,43.2,25,3,8,1,1.0,12.0,4.0,8.0,2.0,1.0,0.8,1.4,1.6,14.6,9.0,7.0,2.6,57.5,43.7
636,2023-24,Manchester United,Fulham,822.0,335.2,2.45,486.8,1,0,H,58.8,41.2,19,8,6,3,1.0,12.0,4.0,8.0,1.8,0.8,0.6,1.6,2.0,16.4,12.6,7.6,3.4,56.8,44.6
637,2023-24,Manchester United,Ipswich Town,822.0,206.0,3.99,616.0,3,0,H,61.9,38.1,17,10,7,2,1.0,12.0,2.0,10.0,1.6,0.4,0.4,1.8,2.6,17.6,9.2,7.4,2.2,56.4,42.1
638,2023-24,Manchester United,Leicester City,822.0,264.5,3.11,557.5,6,0,H,54.8,45.2,15,8,5,0,1.0,12.0,6.0,6.0,1.6,1.4,0.4,2.0,1.8,18.4,10.6,8.0,3.4,57.7,43.6
639,2023-24,Manchester United,Liverpool,822.0,923.0,0.89,-101.0,4,2,H,53.9,46.1,20,14,7,7,1.0,15.0,10.0,5.0,2.8,2.6,0.2,1.6,1.6,18.8,12.2,7.4,6.4,58.6,56.5
640,2023-24,Manchester United,Manchester City,822.0,1253.0,0.66,-431.0,1,3,A,45.4,54.6,11,20,7,6,1.0,15.0,13.0,2.0,3.2,4.0,0.4,0.0,-1.2,19.2,21.6,6.6,8.4,57.2,65.5
641,2023-24,Manchester United,Newcastle,822.0,626.0,1.31,196.0,2,1,H,58.0,42.0,12,8,9,4,1.0,12.0,12.0,0.0,3.0,2.2,1.0,1.6,1.4,16.4,12.2,6.4,2.4,55.0,47.7
642,2023-24,Manchester United,Nottingham Forest,822.0,370.5,2.22,451.5,4,0,H,60.2,39.8,17,10,10,7,1.0,12.0,4.0,8.0,3.2,0.8,1.2,1.8,3.0,15.0,10.2,7.0,3.0,54.8,44.0
643,2023-24,Manchester United,Southampton,822.0,247.0,3.33,575.0,5,0,H,61.5,38.5,12,9,7,6,1.0,12.0,1.0,11.0,3.4,0.0,1.2,1.8,4.0,15.0,7.6,7.6,2.6,54.5,42.4
644,2023-24,Manchester United,Tottenham,822.0,747.2,1.1,74.8,1,0,H,52.5,47.5,22,16,2,8,1.0,12.0,7.0,5.0,3.2,1.8,1.2,2.4,2.6,14.4,11.6,8.0,5.0,55.8,48.1
645,2023-24,Manchester United,West Ham,822.0,476.8,1.72,345.2,2,2,D,54.7,45.3,20,8,3,6,1.0,12.0,3.0,9.0,2.6,1.0,0.8,2.6,3.4,14.8,12.0,7.0,3.6,55.5,46.3
646,2023-24,Manchester United,Wolves,822.0,346.0,2.38,476.0,3,3,D,61.3,38.7,13,15,9,4,1.0,13.0,2.0,11.0,2.8,0.6,0.6,2.0,3.6,16.6,7.8,6.2,2.2,57.4,43.7
647,2023-24,Newcastle,Arsenal,626.0,1149.5,0.54,-523.5,0,1,A,44.0,56.0,17,18,9,14,1.0,9.0,10.0,-1.0,2.0,2.0,2.0,1.0,-1.0,11.4,15.4,2.6,6.4,46.2,55.7
648,2023-24,Newcastle,Aston Villa,626.0,591.5,1.06,34.5,2,2,D,50.2,49.8,11,4,4,1,1.0,6.0,7.0,-1.0,1.0,1.2,2.2,1.8,-0.6,12.4,11.6,4.2,3.2,44.6,48.0
649,2023-24,Newcastle,Bournemouth,626.0,365.5,1.71,260.5,1,1,D,60.5,39.5,13,10,7,0,1.0,4.0,1.0,3.0,0.8,1.0,2.4,2.6,0.0,12.6,10.6,4.4,3.2,44.7,41.7
650,2023-24,Newcastle,Brentford,626.0,390.5,1.6,235.5,2,1,H,55.2,44.8,17,8,4,4,1.0,2.0,6.0,-4.0,0.8,2.0,2.6,3.4,-0.4,14.0,10.8,5.4,2.4,47.6,43.2
651,2023-24,Newcastle,Brighton,626.0,500.0,1.25,126.0,1,2,A,55.8,44.2,7,11,7,4,1.0,5.0,4.0,1.0,1.2,1.0,1.4,2.4,1.2,13.2,8.6,5.6,2.2,50.4,44.9
652,2023-24,Newcastle,Chelsea,626.0,923.0,0.68,-297.0,0,0,D,47.4,52.6,13,15,7,7,1.0,5.0,9.0,-4.0,1.2,0.8,1.4,1.0,0.0,13.0,15.8,6.2,5.4,53.1,50.1
653,2023-24,Newcastle,Crystal Palace,626.0,420.0,1.49,206.0,1,2,A,53.7,46.3,19,7,4,0,1.0,6.0,3.0,3.0,1.2,1.2,1.2,2.8,1.6,12.2,10.2,5.8,2.8,53.8,43.6
654,2023-24,Newcastle,Everton,626.0,349.6,1.79,276.4,0,0,D,52.8,47.2,21,6,9,2,1.0,5.0,3.0,2.0,1.0,0.8,1.2,1.6,0.6,13.8,7.4,5.8,2.0,54.5,42.9
655,2023-24,Newcastle,Fulham,626.0,335.2,1.87,290.8,1,1,D,54.4,45.6,23,9,2,1,1.0,5.0,3.0,2.0,0.8,0.8,1.0,1.8,0.8,15.4,11.0,6.2,3.0,53.0,42.7
656,2023-24,Newcastle,Ipswich Town,626.0,206.0,3.04,420.0,2,2,D,55.3,44.7,10,10,6,0,1.0,3.0,1.0,2.0,0.6,0.2,1.0,2.2,1.6,16.6,8.0,5.8,2.4,52.8,39.8
657,2023-24,Newcastle,Leicester City,626.0,264.5,2.37,361.5,2,0,H,55.3,44.7,17,8,2,6,1.0,4.0,6.0,-2.0,0.8,1.2,1.0,2.8,1.4,17.2,9.2,5.6,2.4,52.7,43.3
658,2023-24,Newcastle,Liverpool,626.0,923.0,0.68,-297.0,1,2,A,45.0,55.0,15,15,4,5,1.0,6.0,7.0,-1.0,1.2,2.4,1.0,2.4,0.2,18.0,13.2,4.6,6.2,54.3,52.7
659,2023-24,Newcastle,Manchester City,626.0,1253.0,0.5,-627.0,0,2,A,41.0,59.0,9,13,3,13,1.0,6.0,13.0,-7.0,1.2,3.8,1.0,0.2,-3.4,17.2,21.0,4.6,8.0,52.6,63.1
660,2023-24,Newcastle,Manchester United,626.0,822.0,0.76,-196.0,0,0,D,44.8,55.2,11,5,7,4,1.0,5.0,11.0,-6.0,1.2,3.0,1.4,1.0,-2.2,14.8,16.8,3.4,6.2,50.2,58.0
661,2023-24,Newcastle,Nottingham Forest,626.0,370.5,1.69,255.5,3,0,H,56.1,43.9,15,12,10,2,1.0,5.0,4.0,1.0,1.0,0.8,1.2,2.2,1.2,12.4,9.8,4.4,3.8,48.3,42.1
662,2023-24,Newcastle,Southampton,626.0,247.0,2.53,379.0,2,1,H,57.2,42.8,19,7,13,3,1.0,7.0,1.0,6.0,1.2,0.0,0.8,2.6,3.0,13.4,7.2,5.2,3.2,48.4,40.7
663,2023-24,Newcastle,Tottenham,626.0,747.2,0.84,-121.2,4,2,H,53.8,46.2,14,11,1,6,1.0,7.0,6.0,1.0,1.2,1.6,1.0,2.4,1.0,13.8,12.4,7.4,5.8,48.8,46.9
664,2023-24,Newcastle,West Ham,626.0,476.8,1.31,149.2,0,0,D,53.8,46.2,15,11,10,1,1.0,10.0,3.0,7.0,1.8,1.2,1.0,2.8,2.4,13.6,10.6,6.8,4.4,50.6,45.2
665,2023-24,Newcastle,Wolves,626.0,346.0,1.81,280.0,4,0,H,57.6,42.4,18,7,8,6,1.0,11.0,2.0,9.0,1.8,1.2,0.6,2.6,2.6,14.8,8.8,8.2,2.6,53.1,41.6
666,2023-24,Nottingham Forest,Arsenal,370.5,1149.5,0.32,-779.0,1,6,A,41.2,58.8,11,18,4,7,1.0,3.0,10.0,-7.0,0.6,2.0,2.6,1.0,-3.0,10.6,14.8,3.4,7.8,41.2,54.7
667,2023-24,Nottingham Forest,Aston Villa,370.5,591.5,0.63,-221.0,2,1,H,53.2,46.8,11,12,2,4,1.0,0.0,5.0,-5.0,0.2,1.2,3.6,2.0,-2.6,9.0,8.8,3.4,2.4,39.6,46.2
668,2023-24,Nottingham Forest,Bournemouth,370.5,365.5,1.01,5.0,1,1,D,49.0,51.0,6,11,3,1,1.0,3.0,2.0,1.0,0.6,1.2,3.6,2.4,-1.8,10.2,8.4,3.2,3.0,42.3,40.0
669,2023-24,Nottingham Forest,Brentford,370.5,390.5,0.95,-20.0,1,2,A,52.3,47.7,10,8,6,1,1.0,4.0,3.0,1.0,0.8,1.2,3.0,3.6,0.2,10.0,10.2,3.6,1.8,45.4,41.8
670,2023-24,Nottingham Forest,Brighton,370.5,500.0,0.74,-129.5,3,5,A,51.0,49.0,9,16,7,4,1.0,4.0,4.0,0.0,1.0,0.6,2.6,2.4,0.2,10.0,9.4,3.4,2.6,47.9,42.7
671,2023-24,Nottingham Forest,Chelsea,370.5,923.0,0.4,-552.5,0,1,A,45.0,55.0,5,17,3,8,1.0,4.0,10.0,-6.0,1.6,0.6,3.0,0.4,-1.6,9.4,14.6,4.4,6.0,49.3,48.3
672,2023-24,Nottingham Forest,Crystal Palace,370.5,420.0,0.88,-49.5,3,1,H,49.2,50.8,12,7,2,4,1.0,4.0,3.0,1.0,1.4,0.8,2.0,3.0,1.6,8.2,9.0,4.2,2.0,50.1,42.2
673,2023-24,Nottingham Forest,Everton,370.5,349.6,1.06,20.9,4,0,H,52.3,47.7,12,11,1,3,1.0,4.0,4.0,0.0,1.6,0.6,2.0,1.2,0.2,8.4,6.8,4.2,2.2,49.3,42.0
674,2023-24,Nottingham Forest,Fulham,370.5,335.2,1.11,35.3,3,1,H,51.4,48.6,10,10,5,4,1.0,6.0,4.0,2.0,2.2,0.8,1.8,1.6,1.2,9.6,10.4,3.8,2.4,50.0,41.6
675,2023-24,Nottingham Forest,Ipswich Town,370.5,206.0,1.8,164.5,2,1,H,57.6,42.4,18,3,4,3,1.0,9.0,1.0,8.0,2.6,0.4,1.6,2.4,3.0,9.6,9.0,3.6,1.8,49.8,38.6
676,2023-24,Nottingham Forest,Leicester City,370.5,264.5,1.4,106.0,1,2,A,52.4,47.6,7,6,5,3,1.0,12.0,3.0,9.0,2.4,0.8,0.8,3.0,3.8,11.4,9.6,3.0,2.4,51.1,42.8
677,2023-24,Nottingham Forest,Liverpool,370.5,923.0,0.4,-552.5,1,1,D,39.8,60.2,6,10,4,5,1.0,12.0,7.0,5.0,2.6,2.0,1.0,2.0,1.6,11.8,12.8,3.4,4.4,52.6,52.3
678,2023-24,Nottingham Forest,Manchester City,370.5,1253.0,0.3,-882.5,0,3,A,42.9,57.1,16,10,3,9,1.0,10.0,15.0,-5.0,2.2,4.2,1.0,0.2,-2.8,10.6,18.8,3.8,8.4,50.7,61.5
679,2023-24,Nottingham Forest,Manchester United,370.5,822.0,0.45,-451.5,2,4,A,48.7,51.3,8,15,3,3,1.0,7.0,9.0,-2.0,1.4,2.2,1.6,1.0,-1.4,11.4,14.4,4.2,5.0,48.8,57.0
680,2023-24,Nottingham Forest,Newcastle,370.5,626.0,0.59,-255.5,1,3,A,50.0,50.0,11,10,1,6,1.0,4.0,13.0,-9.0,1.2,2.6,2.2,0.6,-3.0,11.0,16.2,3.8,8.4,48.3,55.7
681,2023-24,Nottingham Forest,Southampton,370.5,247.0,1.5,123.5,4,2,H,51.3,48.7,11,9,7,1,1.0,1.0,1.0,0.0,1.0,0.2,2.6,2.6,0.8,9.6,7.2,3.2,3.0,46.8,39.6
682,2023-24,Nottingham Forest,Tottenham,370.5,747.2,0.5,-376.7,0,0,D,43.2,56.8,11,17,9,5,1.0,4.0,3.0,1.0,1.6,1.4,2.6,3.0,0.6,10.4,12.4,3.6,5.4,46.5,45.4
683,2023-24,Nottingham Forest,West Ham,370.5,476.8,0.78,-106.3,0,0,D,50.7,49.3,15,7,6,2,1.0,4.0,3.0,1.0,1.4,1.0,2.4,2.6,0.6,11.4,9.6,4.6,3.6,47.2,44.3
684,2023-24,Nottingham Forest,Wolves,370.5,346.0,1.07,24.5,2,0,H,55.2,44.8,7,8,4,4,1.0,5.0,1.0,4.0,1.4,1.0,1.8,3.2,1.8,11.2,8.8,5.2,3.2,48.8,40.2
685,2023-24,Southampton,Arsenal,247.0,1149.5,0.21,-902.5,0,5,A,37.7,62.3,9,23,2,12,1.0,1.0,10.0,-9.0,0.6,2.8,2.8,1.2,-3.8,7.4,15.2,2.8,7.4,39.5,53.4
686,2023-24,Southampton,Aston Villa,247.0,591.5,0.42,-344.5,1,0,H,45.2,54.8,13,14,6,3,1.0,1.0,2.0,-1.0,0.6,0.8,3.2,2.2,-1.2,7.6,9.4,2.4,2.2,40.1,45.0
687,2023-24,Southampton,Bournemouth,247.0,365.5,0.68,-118.5,1,3,A,51.1,48.9,14,10,2,3,1.0,3.0,2.0,1.0,0.8,0.8,3.2,2.0,-1.2,9.4,8.8,3.6,1.6,42.6,40.5
688,2023-24,Southampton,Brentford,247.0,390.5,0.63,-143.5,3,1,H,47.4,52.6,10,6,6,4,1.0,3.0,3.0,0.0,1.0,1.0,2.8,3.4,0.6,10.4,9.6,2.8,1.8,45.1,41.2
689,2023-24,Southampton,Brighton,247.0,500.0,0.49,-253.0,1,2,A,49.7,50.3,4,9,4,6,1.0,6.0,7.0,-1.0,1.4,1.6,2.6,2.6,-0.2,11.0,10.4,3.4,2.6,46.0,42.6
690,2023-24,Southampton,Chelsea,247.0,923.0,0.27,-676.0,1,4,A,44.5,55.5,10,20,4,5,1.0,6.0,10.0,-4.0,1.2,0.6,2.2,0.4,-1.2,10.0,15.0,4.0,5.6,46.2,48.3
691,2023-24,Southampton,Crystal Palace,247.0,420.0,0.59,-173.0,2,3,A,47.3,52.7,12,12,7,2,1.0,6.0,3.0,3.0,1.4,1.0,2.0,3.0,1.4,10.2,7.2,4.4,2.4,47.6,41.8
692,2023-24,Southampton,Everton,247.0,349.6,0.71,-102.6,0,1,A,53.8,46.2,9,8,2,1,1.0,3.0,1.0,2.0,1.6,0.2,2.6,1.8,0.6,10.0,6.8,4.6,2.2,48.0,41.7
693,2023-24,Southampton,Fulham,247.0,335.2,0.74,-88.2,2,2,D,53.0,47.0,8,15,1,2,1.0,3.0,1.0,2.0,1.4,0.4,2.2,2.0,0.8,9.0,9.0,4.6,2.2,48.5,41.2
694,2023-24,Southampton,Ipswich Town,247.0,206.0,1.2,41.0,1,4,A,51.1,48.9,9,7,2,1,1.0,1.0,1.0,0.0,1.2,0.6,2.4,2.6,0.8,8.6,7.2,3.6,1.8,49.7,38.5
695,2023-24,Southampton,Leicester City,247.0,264.5,0.93,-17.5,3,0,H,54.1,45.9,4,11,4,1,1.0,1.0,3.0,-2.0,1.2,0.8,2.8,3.0,0.6,9.6,7.8,3.2,2.0,49.9,41.7
696,2023-24,Southampton,Liverpool,247.0,923.0,0.27,-676.0,0,4,A,41.7,58.3,13,13,5,9,1.0,4.0,7.0,-3.0,1.6,1.8,2.0,1.8,-0.4,8.4,12.6,3.2,4.6,51.9,52.1
697,2023-24,Southampton,Manchester City,247.0,1253.0,0.2,-1006.0,0,4,A,38.9,61.1,10,25,3,11,1.0,4.0,15.0,-11.0,1.2,3.8,2.2,0.2,-4.6,8.6,17.2,2.8,8.4,50.7,60.3
698,2023-24,Southampton,Manchester United,247.0,822.0,0.3,-575.0,1,3,A,48.9,51.1,11,16,3,7,1.0,4.0,9.0,-5.0,1.2,2.0,2.8,1.4,-2.2,8.8,15.0,3.0,4.2,47.8,55.0
699,2023-24,Southampton,Newcastle,247.0,626.0,0.39,-379.0,1,4,A,42.2,57.8,11,11,6,7,1.0,3.0,13.0,-10.0,1.0,2.6,3.0,0.8,-3.8,9.4,15.2,3.4,7.6,46.9,54.5
700,2023-24,Southampton,Nottingham Forest,247.0,370.5,0.67,-123.5,2,3,A,48.4,51.6,15,8,6,1,1.0,3.0,8.0,-5.0,1.0,1.4,3.0,1.0,-2.4,9.8,11.0,4.2,5.4,45.2,50.1
701,2023-24,Southampton,Tottenham,247.0,747.2,0.33,-500.2,0,1,A,48.3,51.7,16,20,6,1,1.0,0.0,1.0,-1.0,0.8,1.0,3.6,2.8,-1.0,12.0,13.6,4.6,5.2,44.0,46.1
702,2023-24,Southampton,West Ham,247.0,476.8,0.52,-229.8,3,1,H,43.2,56.8,4,9,3,7,1.0,0.0,4.0,-4.0,0.8,0.8,3.0,2.2,-0.8,12.6,9.0,4.8,2.2,45.3,43.6
703,2023-24,Southampton,Wolves,247.0,346.0,0.71,-99.0,1,1,D,50.3,49.7,7,15,2,1,1.0,3.0,1.0,2.0,1.4,0.8,2.4,3.2,1.4,11.4,8.8,4.8,3.2,46.2,39.9
704,2023-24,Tottenham,Arsenal,747.2,1149.5,0.65,-402.3,2,2,D,46.1,53.9,18,21,5,5,1.0,4.0,10.0,-6.0,0.6,3.0,2.0,1.2,-3.2,15.4,17.4,4.6,8.6,47.8,55.3
705,2023-24,Tottenham,Aston Villa,747.2,591.5,1.26,155.7,2,1,H,57.0,43.0,11,8,11,7,1.0,5.0,2.0,3.0,1.0,0.8,1.4,1.8,0.6,16.4,10.0,5.0,2.6,49.7,47.2
706,2023-24,Tottenham,Bournemouth,747.2,365.5,2.04,381.7,2,0,H,62.2,37.8,14,8,8,1,1.0,8.0,5.0,3.0,1.4,1.2,1.4,1.8,0.6,15.4,8.8,5.6,1.6,51.6,42.5
707,2023-24,Tottenham,Brentford,747.2,390.5,1.91,356.7,4,0,H,60.4,39.6,12,13,8,5,1.0,11.0,3.0,8.0,1.4,1.0,0.6,2.4,2.2,16.0,8.4,6.0,2.4,54.8,44.3
708,2023-24,Tottenham,Brighton,747.2,500.0,1.49,247.2,0,0,D,53.9,46.1,20,14,9,4,1.0,13.0,10.0,3.0,2.2,2.0,0.6,1.8,1.4,15.0,11.6,6.6,3.6,55.5,45.2
709,2023-24,Tottenham,Chelsea,747.2,923.0,0.81,-175.8,0,0,D,51.1,48.9,7,15,5,4,1.0,11.0,13.0,-2.0,2.0,1.4,0.6,0.2,0.2,15.0,15.6,8.2,5.8,55.9,50.8
710,2023-24,Tottenham,Crystal Palace,747.2,420.0,1.78,327.2,1,1,D,55.3,44.7,11,5,11,4,1.0,11.0,6.0,5.0,1.6,1.6,0.2,2.6,2.4,12.8,7.6,8.2,2.2,56.9,44.7
711,2023-24,Tottenham,Everton,747.2,349.6,2.14,397.6,5,2,H,57.1,42.9,17,9,11,0,1.0,9.0,4.0,5.0,1.4,0.2,0.2,1.4,2.4,12.8,6.6,8.2,2.0,56.6,43.5
712,2023-24,Tottenham,Fulham,747.2,335.2,2.23,412.0,6,0,H,56.6,43.4,15,11,8,1,1.0,9.0,2.0,7.0,2.0,0.8,0.6,1.8,2.4,13.4,10.0,8.8,2.2,55.6,43.3
713,2023-24,Tottenham,Ipswich Town,747.2,206.0,3.63,541.2,3,1,H,60.2,39.8,21,9,3,1,1.0,9.0,4.0,5.0,2.4,1.4,0.6,1.8,2.2,14.0,7.2,8.8,1.4,54.8,40.8
714,2023-24,Tottenham,Leicester City,747.2,264.5,2.82,482.7,3,0,H,64.8,35.2,12,7,11,1,1.0,11.0,3.0,8.0,3.0,0.4,0.8,3.0,4.8,14.2,8.4,7.6,2.0,56.1,42.9
715,2023-24,Tottenham,Liverpool,747.2,923.0,0.81,-175.8,0,6,A,46.2,53.8,11,20,8,7,1.0,13.0,7.0,6.0,3.6,2.0,0.8,1.6,2.4,15.2,12.6,8.8,5.8,58.8,52.3
716,2023-24,Tottenham,Manchester City,747.2,1253.0,0.6,-505.8,1,2,A,45.4,54.6,11,21,3,9,1.0,12.0,15.0,-3.0,3.4,3.2,1.8,0.2,-1.4,15.2,18.6,8.2,9.6,57.0,60.2
717,2023-24,Tottenham,Manchester United,747.2,822.0,0.91,-74.8,1,2,A,49.3,50.7,9,14,9,1,1.0,9.0,9.0,0.0,2.6,2.4,1.8,1.6,0.0,14.0,13.8,6.6,5.2,54.6,54.7
718,2023-24,Tottenham,Newcastle,747.2,626.0,1.19,121.2,3,0,H,50.7,49.3,14,14,10,4,1.0,6.0,13.0,-7.0,1.6,3.0,2.2,0.8,-2.8,12.8,13.6,6.8,6.4,53.2,54.6
719,2023-24,Tottenham,Nottingham Forest,747.2,370.5,2.02,376.7,4,2,H,58.7,41.3,14,9,7,1,1.0,6.0,11.0,-5.0,1.6,1.8,2.0,0.8,-1.4,11.4,10.4,8.2,5.4,51.3,50.4
720,2023-24,Tottenham,Southampton,747.2,247.0,3.03,500.2,3,1,H,61.9,38.1,13,3,5,2,1.0,6.0,4.0,2.0,1.8,1.4,2.4,2.0,0.0,11.8,10.6,7.4,4.6,50.1,46.5
721,2023-24,Tottenham,West Ham,747.2,476.8,1.57,270.4,2,2,D,52.5,47.5,18,6,11,3,1.0,9.0,3.0,6.0,2.4,0.6,1.4,2.4,2.8,12.2,8.6,6.8,3.2,53.2,47.2
722,2023-24,Tottenham,Wolves,747.2,346.0,2.16,401.2,4,1,H,63.6,36.4,15,7,2,2,1.0,10.0,2.0,8.0,2.6,0.8,1.4,2.8,3.2,13.6,10.4,8.4,3.0,54.6,41.3
723,2023-24,West Ham,Arsenal,476.8,1149.5,0.41,-672.7,1,2,A,48.1,51.9,12,13,1,5,1.0,4.0,11.0,-7.0,1.0,3.2,1.4,1.0,-2.6,8.2,18.4,3.8,8.4,49.0,56.9
724,2023-24,West Ham,Aston Villa,476.8,591.5,0.81,-114.7,0,0,D,46.7,53.3,14,8,2,1,1.0,3.0,2.0,1.0,0.8,1.0,1.4,1.6,0.0,9.0,9.6,2.8,3.4,49.6,48.0
725,2023-24,West Ham,Bournemouth,476.8,365.5,1.3,111.3,2,0,H,54.3,45.7,18,8,3,2,1.0,3.0,5.0,-2.0,0.8,1.2,1.4,1.6,-0.2,9.6,9.4,3.0,1.6,49.7,43.3
726,2023-24,West Ham,Brentford,476.8,390.5,1.22,86.3,2,2,D,57.1,42.9,20,8,5,4,1.0,5.0,3.0,2.0,1.2,1.0,1.4,2.4,1.2,11.8,9.6,3.2,3.2,50.7,44.8
727,2023-24,West Ham,Brighton,476.8,500.0,0.95,-23.2,1,1,D,49.6,50.4,9,17,7,1,1.0,6.0,10.0,-4.0,1.4,1.8,1.2,1.6,0.0,14.0,13.0,2.8,3.6,50.7,46.9
728,2023-24,West Ham,Chelsea,476.8,923.0,0.52,-446.2,1,0,H,46.8,53.2,13,11,5,11,1.0,6.0,11.0,-5.0,1.2,1.2,1.0,0.2,-0.8,14.6,16.4,3.6,6.0,51.2,52.3
729,2023-24,West Ham,Crystal Palace,476.8,420.0,1.14,56.8,1,3,A,51.2,48.8,18,16,3,2,1.0,9.0,7.0,2.0,1.2,1.6,0.6,1.8,0.8,14.8,7.6,4.4,2.8,50.9,46.8
730,2023-24,West Ham,Everton,476.8,349.6,1.36,127.2,1,1,D,52.5,47.5,19,10,4,6,1.0,8.0,4.0,4.0,1.4,0.6,1.2,2.2,1.8,15.6,7.4,4.6,1.4,51.8,45.4
731,2023-24,West Ham,Fulham,476.8,335.2,1.42,141.6,2,0,H,52.9,47.1,12,9,9,2,1.0,6.0,2.0,4.0,1.2,0.8,1.4,2.6,1.6,15.8,10.6,4.8,2.2,51.4,45.2
732,2023-24,West Ham,Ipswich Town,476.8,206.0,2.31,270.8,7,0,H,52.9,47.1,11,4,6,4,1.0,8.0,4.0,4.0,1.2,1.6,1.0,2.2,0.8,14.2,7.8,5.6,1.4,50.6,42.8
733,2023-24,West Ham,Leicester City,476.8,264.5,1.8,212.3,1,0,H,54.0,46.0,15,10,4,3,1.0,10.0,3.0,7.0,2.4,0.4,0.8,3.0,4.2,14.6,8.0,5.4,2.2,51.3,43.7
734,2023-24,West Ham,Liverpool,476.8,923.0,0.52,-446.2,1,1,D,44.1,55.9,12,18,5,9,1.0,10.0,10.0,0.0,2.4,3.0,0.8,1.2,-0.2,15.0,14.4,5.2,6.6,52.7,54.7
735,2023-24,West Ham,Manchester City,476.8,1253.0,0.38,-776.2,1,2,A,45.1,54.9,7,20,3,10,1.0,11.0,15.0,-4.0,2.4,2.8,0.4,0.4,-0.4,13.8,17.8,5.6,9.6,51.3,57.3
736,2023-24,West Ham,Manchester United,476.8,822.0,0.58,-345.2,2,2,D,47.5,52.5,16,19,3,8,1.0,10.0,11.0,-1.0,2.4,2.4,0.6,1.4,0.8,11.4,12.6,5.4,4.8,49.8,53.9
737,2023-24,West Ham,Newcastle,476.8,626.0,0.76,-149.2,1,0,H,51.1,48.9,13,10,1,2,1.0,8.0,10.0,-2.0,2.4,2.2,1.0,1.0,0.2,12.2,13.6,4.2,7.0,48.7,53.7
738,2023-24,West Ham,Nottingham Forest,476.8,370.5,1.29,106.3,2,1,H,54.8,45.2,15,11,6,3,1.0,8.0,8.0,0.0,1.2,1.4,1.0,1.2,0.0,12.6,10.0,3.2,4.2,48.4,48.4
739,2023-24,West Ham,Southampton,476.8,247.0,1.93,229.8,0,0,D,56.2,43.8,8,7,6,3,1.0,8.0,4.0,4.0,1.4,1.4,1.2,1.8,0.6,12.6,9.0,3.6,3.8,48.5,45.7
740,2023-24,West Ham,Tottenham,476.8,747.2,0.64,-270.4,2,2,D,50.1,49.9,11,8,5,4,1.0,8.0,13.0,-5.0,1.2,3.2,1.0,1.2,-1.8,11.8,14.8,3.8,7.0,50.9,57.5
741,2023-24,West Ham,Wolves,476.8,346.0,1.38,130.8,0,1,A,54.5,45.5,13,7,5,7,1.0,9.0,2.0,7.0,1.4,1.0,1.0,2.8,2.2,12.6,10.4,4.2,3.4,51.9,42.4
742,2023-24,Wolves,Arsenal,346.0,1149.5,0.3,-803.5,0,3,A,41.0,59.0,5,18,4,9,1.0,4.0,13.0,-9.0,0.6,3.2,2.2,0.8,-4.0,8.8,18.6,4.0,8.6,43.8,56.6
743,2023-24,Wolves,Aston Villa,346.0,591.5,0.58,-245.5,2,1,H,48.0,52.0,13,9,2,4,1.0,4.0,2.0,2.0,0.6,0.8,2.0,1.4,-0.8,8.4,9.2,3.6,3.2,43.5,49.5
744,2023-24,Wolves,Bournemouth,346.0,365.5,0.95,-19.5,1,2,A,53.8,46.2,11,5,5,2,1.0,7.0,5.0,2.0,1.0,1.0,1.8,1.4,-0.4,9.4,9.4,3.2,1.4,44.1,44.6
745,2023-24,Wolves,Brentford,346.0,390.5,0.89,-44.5,3,1,H,51.9,48.1,17,14,10,2,1.0,6.0,4.0,2.0,1.0,1.2,2.0,2.4,0.2,8.6,8.6,4.0,3.6,44.9,45.5
746,2023-24,Wolves,Brighton,346.0,500.0,0.69,-154.0,2,1,H,48.0,52.0,8,10,6,5,1.0,9.0,11.0,-2.0,1.4,2.0,1.4,1.2,-0.8,10.6,13.4,5.6,3.8,48.0,48.0
747,2023-24,Wolves,Chelsea,346.0,923.0,0.37,-577.0,1,2,A,43.6,56.4,13,14,3,12,1.0,9.0,8.0,1.0,1.6,1.0,1.6,0.4,-0.6,10.8,15.6,5.4,7.0,48.5,53.0
748,2023-24,Wolves,Crystal Palace,346.0,420.0,0.82,-74.0,3,0,H,51.3,48.7,15,11,4,3,1.0,9.0,10.0,-1.0,1.8,2.0,1.4,1.6,0.0,12.4,9.4,5.2,2.4,49.1,48.7
749,2023-24,Wolves,Everton,346.0,349.6,0.99,-3.6,2,2,D,50.3,49.7,9,6,2,2,1.0,9.0,5.0,4.0,2.0,0.8,1.2,2.0,2.0,12.8,8.8,5.6,2.4,49.7,46.3
750,2023-24,Wolves,Fulham,346.0,335.2,1.03,10.8,3,0,H,49.7,50.3,10,15,2,4,1.0,10.0,2.0,8.0,2.2,0.8,1.2,2.8,3.0,12.4,10.8,5.0,2.0,49.0,46.3
751,2023-24,Wolves,Ipswich Town,346.0,206.0,1.68,140.0,0,2,A,54.6,45.4,8,6,8,4,1.0,10.0,4.0,6.0,2.2,1.6,1.0,3.0,2.6,11.0,6.6,3.4,1.8,48.6,44.6
752,2023-24,Wolves,Leicester City,346.0,264.5,1.31,81.5,0,0,D,55.8,44.2,7,11,5,2,1.0,7.0,3.0,4.0,1.8,0.4,1.2,2.0,2.2,11.0,8.4,3.8,2.8,49.9,43.9
753,2023-24,Wolves,Liverpool,346.0,923.0,0.37,-577.0,0,2,A,44.2,55.8,8,21,4,7,1.0,8.0,11.0,-3.0,1.6,2.8,0.8,0.6,-1.4,9.8,15.2,4.2,7.0,52.3,56.6
754,2023-24,Wolves,Manchester City,346.0,1253.0,0.28,-907.0,1,5,A,41.5,58.5,14,25,2,11,1.0,5.0,15.0,-10.0,1.0,2.6,1.2,0.4,-2.4,8.4,17.8,4.2,10.4,50.9,57.3
755,2023-24,Wolves,Manchester United,346.0,822.0,0.42,-476.0,0,4,A,49.3,50.7,12,15,3,8,1.0,4.0,11.0,-7.0,0.8,2.2,1.8,1.2,-2.0,9.4,13.8,4.2,4.6,49.2,52.2
756,2023-24,Wolves,Newcastle,346.0,626.0,0.55,-280.0,0,3,A,50.9,49.1,18,13,7,3,1.0,1.0,9.0,-8.0,0.2,2.2,2.6,1.2,-3.4,9.8,12.6,4.4,5.4,49.1,52.7
757,2023-24,Wolves,Nottingham Forest,346.0,370.5,0.93,-24.5,3,2,H,49.5,50.5,11,12,5,2,1.0,1.0,7.0,-6.0,0.2,1.6,2.8,1.6,-2.6,11.8,10.0,4.2,3.0,48.3,48.8
758,2023-24,Wolves,Southampton,346.0,247.0,1.4,99.0,3,2,H,55.9,44.1,11,14,2,1,1.0,3.0,5.0,-2.0,0.8,1.0,3.2,1.2,-2.2,12.6,7.4,4.2,3.2,47.1,44.7
759,2023-24,Wolves,Tottenham,346.0,747.2,0.46,-401.2,1,1,D,46.6,53.4,5,24,3,4,1.0,6.0,11.0,-5.0,1.4,3.0,3.2,1.6,-3.2,13.2,13.6,3.8,5.8,49.4,57.3
760,2023-24,Wolves,West Ham,346.0,476.8,0.73,-130.8,1,0,H,51.2,48.8,10,12,6,5,1.0,7.0,8.0,-1.0,1.4,1.0,2.4,0.8,-1.2,11.4,12.0,4.0,4.6,50.4,53.3
